0,6.00E-07,,
0.1,6.00E-07,,
0.2,6.00E-07,,
0.3,6.00E-07,,
0.4,6.00E-07,,
0.5,6.00E-07,,
0.6,6.00E-07,,
0.7,6.00E-07,,
0.8,6.00E-07,,
0.9,6.00E-07,,
1,6.00E-07,,
1.1,6.00E-07,,
1.2,6.00E-07,,
1.3,6.00E-07,,
1.4,6.00E-07,,
1.5,6.00E-07,,
1.6,7.00E-07,,
1.7,7.00E-07,,
1.8,7.00E-07,,
1.9,7.00E-07,,
2,7.00E-07,,
2.1,7.00E-07,,
2.2,7.00E-07,,
2.3,7.00E-07,,
2.4,7.00E-07,,
2.5,7.00E-07,,
2.6,7.00E-07,,
2.7,7.00E-07,,
2.8,7.00E-07,,
2.9,8.00E-07,,
3,8.00E-07,,
3.1,8.00E-07,,
3.2,8.00E-07,,
3.3,8.00E-07,,
3.4,8.00E-07,,
3.5,8.00E-07,,
3.6,8.00E-07,,
3.7,8.00E-07,,
3.8,8.00E-07,,
3.9,8.00E-07,,
4,9.00E-07,,
4.1,9.00E-07,,
4.2,9.00E-07,,
4.3,9.00E-07,,
4.4,9.00E-07,,
4.5,9.00E-07,,
4.6,9.00E-07,,
4.7,9.00E-07,,
4.8,9.00E-07,,
4.9,9.00E-07,,
5,1.00E-06,,
5.1,1.00E-06,,
5.2,1.00E-06,,
5.3,1.00E-06,,
5.4,1.00E-06,,
5.5,1.00E-06,,
5.6,1.00E-06,,
5.7,1.00E-06,,
5.8,1.10E-06,,
5.9,1.10E-06,,
6,1.10E-06,,
6.1,1.10E-06,,
6.2,1.10E-06,,
6.3,1.10E-06,,
6.4,1.20E-06,,
6.5,1.20E-06,,
6.6,1.20E-06,,
6.7,1.20E-06,,
6.8,1.20E-06,,
6.9,1.20E-06,,
7,1.30E-06,,
7.1,1.30E-06,,
7.2,1.30E-06,,
7.3,1.30E-06,,
7.4,1.30E-06,,
7.5,1.30E-06,,
7.6,1.40E-06,,
7.7,1.40E-06,,
7.8,1.40E-06,,
7.9,1.40E-06,,
8,1.40E-06,,
8.1,1.50E-06,,
8.2,1.50E-06,,
8.3,1.50E-06,,
8.4,1.50E-06,,
8.5,1.60E-06,,
8.6,1.60E-06,,
8.7,1.60E-06,,
8.8,1.60E-06,,
8.9,1.70E-06,,
9,1.70E-06,,
9.1,1.70E-06,,
9.2,1.80E-06,,
9.3,1.80E-06,,
9.4,1.80E-06,,
9.5,1.80E-06,,
9.6,1.90E-06,,
9.7,1.90E-06,,
9.8,1.90E-06,,
9.9,2.00E-06,,
10,2.00E-06,,
10.1,2.10E-06,,
10.2,2.10E-06,,
10.3,2.10E-06,,
10.4,2.20E-06,,
10.5,2.20E-06,,
10.6,2.30E-06,,
10.7,2.30E-06,,
10.8,2.30E-06,,
10.9,2.40E-06,,
11,2.40E-06,,
11.1,2.50E-06,,
11.2,2.50E-06,,
11.3,2.60E-06,,
11.4,2.60E-06,,
11.5,2.70E-06,,
11.6,2.80E-06,,
11.7,2.80E-06,,
11.8,2.90E-06,,
11.9,2.90E-06,,
12,3.00E-06,,
12.1,3.10E-06,,
12.2,3.10E-06,,
12.3,3.20E-06,,
12.4,3.30E-06,,
12.5,3.40E-06,,
12.6,3.40E-06,,
12.7,3.50E-06,,
12.8,3.60E-06,,
12.9,3.70E-06,,
13,3.80E-06,,
13.1,3.90E-06,,
13.2,4.00E-06,,
13.3,4.10E-06,,
13.4,4.20E-06,,
13.5,4.30E-06,,
13.6,4.40E-06,,
13.7,4.50E-06,,
13.8,4.70E-06,,
13.9,4.80E-06,,
14,4.90E-06,,
14.1,5.10E-06,,
14.2,5.20E-06,,
14.3,5.40E-06,,
14.4,5.50E-06,,
14.5,5.70E-06,,
14.6,5.90E-06,,
14.7,6.10E-06,,
14.8,6.30E-06,,
14.9,6.50E-06,,
15,6.70E-06,,
15.1,6.90E-06,,
15.2,7.10E-06,,
15.3,7.40E-06,,
15.4,7.70E-06,,
15.5,7.90E-06,,
15.6,8.20E-06,,
15.7,8.50E-06,,
15.8,8.90E-06,,
15.9,9.20E-06,,
16,9.60E-06,,
16.1,9.90E-06,,
16.2,1.04E-05,,
16.3,1.08E-05,,
16.4,1.13E-05,,
16.5,1.18E-05,,
16.6,1.23E-05,,
16.7,1.28E-05,,
16.8,1.35E-05,,
16.9,1.41E-05,,
17,1.48E-05,,
17.1,1.56E-05,,
17.2,1.64E-05,,
17.3,1.72E-05,,
17.4,1.82E-05,,
17.5,1.92E-05,,
17.6,2.03E-05,,
17.7,2.15E-05,,
17.8,2.29E-05,,
17.9,2.43E-05,,
18,2.59E-05,,
18.1,2.77E-05,,
18.2,2.96E-05,,
18.3,3.18E-05,,
18.4,3.42E-05,,
18.5,3.69E-05,,
18.6,3.99E-05,,
18.7,4.32999E-05,,
18.8,4.71999E-05,,
18.9,5.15999E-05,,
19,5.65999E-05,,
19.1,6.24999E-05,,
19.2,6.91999E-05,,
19.3,7.71999E-05,,
19.4,8.64999E-05,,
19.5,9.76999E-05,,
19.6,0.0001111,,
19.7,0.0001276,,
19.8,0.000148,,
19.9,0.0001736,,
20,0.0002065,,
20.1,0.0002497,,
20.2,0.000308,,
20.3,0.0003894,,
20.4,0.000507799,,
20.5,0.000689699,,
20.6,0.000989899,,
20.7,0.001538298,,
20.8,0.002705997,,
20.9,0.005920593,,
21,0.020678175,,
21.1,0.122761853,,
21.2,0.020680475,,
21.3,0.005925293,,
21.4,0.002713197,,
21.5,0.001548098,,
21.6,0.001002599,,
21.7,0.000705499,,
21.8,0.000527199,,
21.9,0.0004127,,
22,0.0003358,,
22.1,0.0002826,,
22.2,0.0002462,,
22.3,0.0002277,,
22.4,0.0002525,,
22.5,0.000421599,,
22.6,0.000994399,,
22.7,0.002387397,,
22.8,0.004854694,,
22.9,0.007892791,,
23,0.010095588,,
23.1,0.010124988,,
23.2,0.00799599,,
23.3,0.005082094,,
23.4,0.002840597,,
23.5,0.001841298,,
23.6,0.001893098,,
23.7,0.002601997,,
23.8,0.003647996,,
23.9,0.004768894,,
24,0.005712993,,
24.1,0.006272992,,
24.2,0.006361092,,
24.3,0.006043993,,
24.4,0.005502593,,
24.5,0.004939894,,
24.6,0.004496395,,
24.7,0.004216795,,
24.8,0.004070095,,
24.9,0.003994195,,
25,0.003934495,,
25.1,0.003861595,,
25.2,0.003770995,,
25.3,0.003674296,,
25.4,0.003588596,,
25.5,0.003529196,,
25.6,0.003505096,,
25.7,0.003518096,,
25.8,0.003563296,,
25.9,0.003631196,,
26,0.003709696,,
26.1,0.003786495,,
26.2,0.003850795,,
26.3,0.003894195,,
26.4,0.003911495,,
26.5,0.003900395,,
26.6,0.003861795,,
26.7,0.003798495,,
26.8,0.003715196,,
26.9,0.003617396,,
27,0.003510896,,
27.1,0.003401296,,
27.2,0.003293696,,
27.3,0.003191896,,
27.4,0.003098896,,
27.5,0.003016396,,
27.6,0.002945296,,
27.7,0.002885497,,
27.8,0.002836197,,
27.9,0.002796197,,
28,0.002764297,,
28.1,0.002738797,,
28.2,0.002718497,,
28.3,0.002702097,,
28.4,0.002688497,,
28.5,0.002676697,,
28.6,0.002666197,,
28.7,0.002656297,,
28.8,0.002646797,,
28.9,0.002637397,,
29,0.002627797,,
29.1,0.002618097,,
29.2,0.002608097,,
29.3,0.002597697,,
29.4,0.002587097,,
29.5,0.002576197,,
29.6,0.002564897,,
29.7,0.002553397,,
29.8,0.002541597,,
29.9,0.002529497,,
30,0.002517197,,
30.1,0.002504697,,
30.2,0.002491997,,
30.3,0.002478997,,
30.4,0.002465897,,
30.5,0.002452597,,
30.6,0.002439197,,
30.7,0.002425597,,
30.8,0.002411797,,
30.9,0.002397897,,
31,0.002383897,,
31.1,0.002369797,,
31.2,0.002355597,,
31.3,0.002341297,,
31.4,0.002326897,,
31.5,0.002312497,,
31.6,0.002297897,,
31.7,0.002283297,,
31.8,0.002268697,,
31.9,0.002253997,,
32,0.002239297,,
32.1,0.002224497,,
32.2,0.002209697,,
32.3,0.002194897,,
32.4,0.002180097,,
32.5,0.002165297,,
32.6,0.002150497,,
32.7,0.002135597,,
32.8,0.002120797,,
32.9,0.002105997,,
33,0.002091197,,
33.1,0.002076498,,
33.2,0.002061698,,
33.3,0.002046998,,
33.4,0.002032398,,
33.5,0.002017798,,
33.6,0.002003198,,
33.7,0.001988698,,
33.8,0.001974198,,
33.9,0.001959798,,
34,0.001945398,,
34.1,0.001931198,,
34.2,0.001916898,,
34.3,0.001902798,,
34.4,0.001888698,,
34.5,0.001874698,,
34.6,0.001860698,,
34.7,0.001846898,,
34.8,0.001833098,,
34.9,0.001819398,,
35,0.001805798,,
35.1,0.001792298,,
35.2,0.001778798,,
35.3,0.001765498,,
35.4,0.001752198,,
35.5,0.001739098,,
35.6,0.001725998,,
35.7,0.001712998,,
35.8,0.001700098,,
35.9,0.001687298,,
36,0.001674698,,
36.1,0.001662098,,
36.2,0.001649598,,
36.3,0.001637198,,
36.4,0.001624898,,
36.5,0.001612698,,
36.6,0.001600598,,
36.7,0.001588598,,
36.8,0.001576798,,
36.9,0.001564998,,
37,0.001553298,,
37.1,0.001541698,,
37.2,0.001530198,,
37.3,0.001518898,,
37.4,0.001507598,,
37.5,0.001496398,,
37.6,0.001485398,,
37.7,0.001474398,,
37.8,0.001463498,,
37.9,0.001452798,,
38,0.001442098,,
38.1,0.001431598,,
38.2,0.001421098,,
38.3,0.001410798,,
38.4,0.001400498,,
38.5,0.001390298,,
38.6,0.001380298,,
38.7,0.001370298,,
38.8,0.001360498,,
38.9,0.001350698,,
39,0.001340998,,
39.1,0.001331398,,
39.2,0.001321998,,
39.3,0.001312598,,
39.4,0.001303298,,
39.5,0.001294098,,
39.6,0.001284998,,
39.7,0.001275998,,
39.8,0.001267098,,
39.9,0.001258198,,
40,0.001249499,,
40.1,0.001240799,,
40.2,0.001232299,,
40.3,0.001223799,,
40.4,0.001215399,,
40.5,0.001207099,,
40.6,0.001198899,,
40.7,0.001190799,,
40.8,0.001182699,,
40.9,0.001174799,,
41,0.001166899,,
41.1,0.001159099,,
41.2,0.001151299,,
41.3,0.001143699,,
41.4,0.001136099,,
41.5,0.001128699,,
41.6,0.001121199,,
41.7,0.001113899,,
41.8,0.001106699,,
41.9,0.001099499,,
42,0.001092399,,
42.1,0.001085299,,
42.2,0.001078399,,
42.3,0.001071499,,
42.4,0.001064699,,
42.5,0.001057899,,
42.6,0.001051199,,
42.7,0.001044599,,
42.8,0.001038099,,
42.9,0.001031599,,
43,0.001025199,,
43.1,0.001018899,,
43.2,0.001012599,,
43.3,0.001006399,,
43.4,0.001000199,,
43.5,0.000994099,,
43.6,0.000988099,,
43.7,0.000982099,,
43.8,0.000976199,,
43.9,0.000970399,,
44,0.000964599,,
44.1,0.000958899,,
44.2,0.000953199,,
44.3,0.000947599,,
44.4,0.000941999,,
44.5,0.000936499,,
44.6,0.000931099,,
44.7,0.000925699,,
44.8,0.000920399,,
44.9,0.000915099,,
45,0.000909799,,
45.1,0.000904699,,
45.2,0.000899499,,
45.3,0.000894399,,
45.4,0.000889399,,
45.5,0.000884399,,
45.6,0.000879499,,
45.7,0.000874599,,
45.8,0.000869799,,
45.9,0.000864999,,
46,0.000860299,,
46.1,0.000855599,,
46.2,0.000850899,,
46.3,0.000846299,,
46.4,0.000841699,,
46.5,0.000837199,,
46.6,0.000832699,,
46.7,0.000828299,,
46.8,0.000823899,,
46.9,0.000819599,,
47,0.000815299,,
47.1,0.000810999,,
47.2,0.000806799,,
47.3,0.000802599,,
47.4,0.000798399,,
47.5,0.000794299,,
47.6,0.000790199,,
47.7,0.000786199,,
47.8,0.000782199,,
47.9,0.000778199,,
48,0.000774299,,
48.1,0.000770399,,
48.2,0.000766499,,
48.3,0.000762699,,
48.4,0.000758899,,
48.5,0.000755199,,
48.6,0.000751499,,
48.7,0.000747799,,
48.8,0.000744099,,
48.9,0.000740499,,
49,0.000736899,,
49.1,0.000733299,,
49.2,0.000729799,,
49.3,0.000726299,,
49.4,0.000722899,,
49.5,0.000719399,,
49.6,0.000715999,,
49.7,0.000712599,,
49.8,0.000709299,,
49.9,0.000705999,,
50,0.000702699,,
50.1,0.000699399,,
50.2,0.000696199,,
50.3,0.000692999,,
50.4,0.000689799,,
50.5,0.000686599,,
50.6,0.000683499,,
50.7,0.000680399,,
50.8,0.000677299,,
50.9,0.000674299,,
51,0.000671199,,
51.1,0.000668199,,
51.2,0.000665199,,
51.3,0.000662299,,
51.4,0.000659399,,
51.5,0.000656399,,
51.6,0.000653599,,
51.7,0.000650699,,
51.8,0.000647899,,
51.9,0.000644999,,
52,0.000642199,,
52.1,0.000639499,,
52.2,0.000636699,,
52.3,0.000633999,,
52.4,0.000631299,,
52.5,0.000628599,,
52.6,0.000625899,,
52.7,0.000623299,,
52.8,0.000620599,,
52.9,0.000617999,,
53,0.000615399,,
53.1,0.000612899,,
53.2,0.000610299,,
53.3,0.000607799,,
53.4,0.000605299,,
53.5,0.000602799,,
53.6,0.000600299,,
53.7,0.000597899,,
53.8,0.000595399,,
53.9,0.000592999,,
54,0.000590599,,
54.1,0.000588199,,
54.2,0.000585799,,
54.3,0.000583499,,
54.4,0.000581099,,
54.5,0.000578799,,
54.6,0.000576499,,
54.7,0.000574199,,
54.8,0.000571999,,
54.9,0.000569699,,
55,0.000567499,,
55.1,0.000565199,,
55.2,0.000562999,,
55.3,0.000560799,,
55.4,0.000558699,,
55.5,0.000556499,,
55.6,0.000554299,,
55.7,0.000552199,,
55.8,0.000550099,,
55.9,0.000547999,,
56,0.000545899,,
56.1,0.000543799,,
56.2,0.000541699,,
56.3,0.000539699,,
56.4,0.000537599,,
56.5,0.000535599,,
56.6,0.000533599,,
56.7,0.000531599,,
56.8,0.000529599,,
56.9,0.000527599,,
57,0.000525699,,
57.1,0.000523699,,
57.2,0.000521799,,
57.3,0.000519899,,
57.4,0.000517899,,
57.5,0.000515999,,
57.6,0.000514199,,
57.7,0.000512299,,
57.8,0.000510399,,
57.9,0.000508599,,
58,0.000506699,,
58.1,0.000504899,,
58.2,0.000503099,,
58.3,0.000501199,,
58.4,0.000499399,,
58.5,0.000497599,,
58.6,0.000495899,,
58.7,0.000494099,,
58.8,0.000492299,,
58.9,0.000490599,,
59,0.000488899,,
59.1,0.000487099,,
59.2,0.000485399,,
59.3,0.000483699,,
59.4,0.000481999,,
59.5,0.000480299,,
59.6,0.000478599,,
59.7,0.000476999,,
59.8,0.000475299,,
59.9,0.000473599,,
60,0.000471999,,
60.1,0.000470399,,
60.2,0.000468799,,
60.3,0.000467099,,
60.4,0.000465499,,
60.5,0.000463899,,
60.6,0.000462299,,
60.7,0.000460799,,
60.8,0.000459199,,
60.9,0.000457599,,
61,0.000456099,,
61.1,0.000454499,,
61.2,0.000452999,,
61.3,0.000451499,,
61.4,0.000449899,,
61.5,0.000448399,,
61.6,0.000446899,,
61.7,0.000445399,,
61.8,0.000443899,,
61.9,0.000442399,,
62,0.000440999,,
62.1,0.000439499,,
62.2,0.000437999,,
62.3,0.000436599,,
62.4,0.000435099,,
62.5,0.000433699,,
62.6,0.000432299,,
62.7,0.000430799,,
62.8,0.000429399,,
62.9,0.000427999,,
63,0.000426599,,
63.1,0.000425199,,
63.2,0.000423799,,
63.3,0.000422399,,
63.4,0.000421099,,
63.5,0.000419699,,
63.6,0.000418299,,
63.7,0.000416999,,
63.8,0.0004156,,
63.9,0.0004143,,
64,0.000413,,
64.1,0.0004116,,
64.2,0.0004103,,
64.3,0.000409,,
64.4,0.0004077,,
64.5,0.0004064,,
64.6,0.0004051,,
64.7,0.0004038,,
64.8,0.0004025,,
64.9,0.0004012,,
65,0.0003999,,
65.1,0.0003987,,
65.2,0.0003974,,
65.3,0.0003961,,
65.4,0.0003949,,
65.5,0.0003936,,
65.6,0.0003924,,
65.7,0.0003912,,
65.8,0.0003899,,
65.9,0.0003887,,
66,0.0003875,,
66.1,0.0003863,,
66.2,0.0003851,,
66.3,0.0003839,,
66.4,0.0003827,,
66.5,0.0003815,,
66.6,0.0003803,,
66.7,0.0003791,,
66.8,0.0003779,,
66.9,0.0003768,,
67,0.0003756,,
67.1,0.0003744,,
67.2,0.0003733,,
67.3,0.0003721,,
67.4,0.000371,,
67.5,0.0003698,,
67.6,0.0003687,,
67.7,0.0003676,,
67.8,0.0003664,,
67.9,0.0003653,,
68,0.0003642,,
68.1,0.0003631,,
68.2,0.000362,,
68.3,0.0003609,,
68.4,0.0003598,,
68.5,0.0003587,,
68.6,0.0003576,,
68.7,0.0003565,,
68.8,0.0003554,,
68.9,0.0003543,,
69,0.0003533,,
69.1,0.0003522,,
69.2,0.0003511,,
69.3,0.0003501,,
69.4,0.000349,,
69.5,0.000348,,
69.6,0.0003469,,
69.7,0.0003459,,
69.8,0.0003449,,
69.9,0.0003438,,
70,0.0003428,,
70.1,0.0003418,,
70.2,0.0003407,,
70.3,0.0003397,,
70.4,0.0003387,,
70.5,0.0003377,,
70.6,0.0003367,,
70.7,0.0003357,,
70.8,0.0003347,,
70.9,0.0003337,,
71,0.0003327,,
71.1,0.0003317,,
71.2,0.0003307,,
71.3,0.0003298,,
71.4,0.0003288,,
71.5,0.0003278,,
71.6,0.0003269,,
71.7,0.0003259,,
71.8,0.0003249,,
71.9,0.000324,,
72,0.000323,,
72.1,0.0003221,,
72.2,0.0003211,,
72.3,0.0003202,,
72.4,0.0003192,,
72.5,0.0003183,,
72.6,0.0003174,,
72.7,0.0003164,,
72.8,0.0003155,,
72.9,0.0003146,,
73,0.0003137,,
73.1,0.0003128,,
73.2,0.0003119,,
73.3,0.000311,,
73.4,0.0003101,,
73.5,0.0003092,,
73.6,0.0003083,,
73.7,0.0003074,,
73.8,0.0003065,,
73.9,0.0003056,,
74,0.0003047,,
74.1,0.0003038,,
74.2,0.0003029,,
74.3,0.0003021,,
74.4,0.0003012,,
74.5,0.0003003,,
74.6,0.0002995,,
74.7,0.0002986,,
74.8,0.0002977,,
74.9,0.0002969,,
75,0.000296,,
75.1,0.0002952,,
75.2,0.0002943,,
75.3,0.0002935,,
75.4,0.0002927,,
75.5,0.0002918,,
75.6,0.000291,,
75.7,0.0002902,,
75.8,0.0002893,,
75.9,0.0002885,,
76,0.0002877,,
76.1,0.0002869,,
76.2,0.000286,,
76.3,0.0002852,,
76.4,0.0002844,,
76.5,0.0002836,,
76.6,0.0002828,,
76.7,0.000282,,
76.8,0.0002812,,
76.9,0.0002804,,
77,0.0002796,,
77.1,0.0002788,,
77.2,0.000278,,
77.3,0.0002772,,
77.4,0.0002765,,
77.5,0.0002757,,
77.6,0.0002749,,
77.7,0.0002741,,
77.8,0.0002734,,
77.9,0.0002726,,
78,0.0002718,,
78.1,0.0002711,,
78.2,0.0002703,,
78.3,0.0002695,,
78.4,0.0002688,,
78.5,0.000268,,
78.6,0.0002673,,
78.7,0.0002665,,
78.8,0.0002658,,
78.9,0.000265,,
79,0.0002643,,
79.1,0.0002636,,
79.2,0.0002628,,
79.3,0.0002621,,
79.4,0.0002614,,
79.5,0.0002606,,
79.6,0.0002599,,
79.7,0.0002592,,
79.8,0.0002585,,
79.9,0.0002577,,
80,0.000257,,
80.1,0.0002563,,
80.2,0.0002556,,
80.3,0.0002549,,
80.4,0.0002542,,
80.5,0.0002535,,
80.6,0.0002528,,
80.7,0.0002521,,
80.8,0.0002514,,
80.9,0.0002507,,
81,0.00025,,
81.1,0.0002493,,
81.2,0.0002486,,
81.3,0.0002479,,
81.4,0.0002473,,
81.5,0.0002466,,
81.6,0.0002459,,
81.7,0.0002452,,
81.8,0.0002446,,
81.9,0.0002439,,
82,0.0002432,,
82.1,0.0002425,,
82.2,0.0002419,,
82.3,0.0002412,,
82.4,0.0002406,,
82.5,0.0002399,,
82.6,0.0002392,,
82.7,0.0002386,,
82.8,0.0002379,,
82.9,0.0002373,,
83,0.0002366,,
83.1,0.000236,,
83.2,0.0002354,,
83.3,0.0002347,,
83.4,0.0002341,,
83.5,0.0002334,,
83.6,0.0002328,,
83.7,0.0002322,,
83.8,0.0002315,,
83.9,0.0002309,,
84,0.0002303,,
84.1,0.0002297,,
84.2,0.000229,,
84.3,0.0002284,,
84.4,0.0002278,,
84.5,0.0002272,,
84.6,0.0002266,,
84.7,0.000226,,
84.8,0.0002253,,
84.9,0.0002247,,
85,0.0002241,,
85.1,0.0002235,,
85.2,0.0002229,,
85.3,0.0002223,,
85.4,0.0002217,,
85.5,0.0002211,,
85.6,0.0002205,,
85.7,0.0002199,,
85.8,0.0002194,,
85.9,0.0002188,,
86,0.0002182,,
86.1,0.0002176,,
86.2,0.000217,,
86.3,0.0002164,,
86.4,0.0002158,,
86.5,0.0002153,,
86.6,0.0002147,,
86.7,0.0002141,,
86.8,0.0002136,,
86.9,0.000213,,
87,0.0002124,,
87.1,0.0002118,,
87.2,0.0002113,,
87.3,0.0002107,,
87.4,0.0002102,,
87.5,0.0002096,,
87.6,0.000209,,
87.7,0.0002085,,
87.8,0.0002079,,
87.9,0.0002074,,
88,0.0002068,,
88.1,0.0002063,,
88.2,0.0002057,,
88.3,0.0002052,,
88.4,0.0002046,,
88.5,0.0002041,,
88.6,0.0002036,,
88.7,0.000203,,
88.8,0.0002025,,
88.9,0.000202,,
89,0.0002014,,
89.1,0.0002009,,
89.2,0.0002004,,
89.3,0.0001998,,
89.4,0.0001993,,
89.5,0.0001988,,
89.6,0.0001983,,
89.7,0.0001977,,
89.8,0.0001972,,
89.9,0.0001967,,
90,0.0001962,,
90.1,0.0001957,,
90.2,0.0001952,,
90.3,0.0001946,,
90.4,0.0001941,,
90.5,0.0001936,,
90.6,0.0001931,,
90.7,0.0001926,,
90.8,0.0001921,,
90.9,0.0001916,,
91,0.0001911,,
91.1,0.0001906,,
91.2,0.0001901,,
91.3,0.0001896,,
91.4,0.0001891,,
91.5,0.0001886,,
91.6,0.0001881,,
91.7,0.0001877,,
91.8,0.0001872,,
91.9,0.0001867,,
92,0.0001862,,
92.1,0.0001857,,
92.2,0.0001852,,
92.3,0.0001847,,
92.4,0.0001843,,
92.5,0.0001838,,
92.6,0.0001833,,
92.7,0.0001828,,
92.8,0.0001824,,
92.9,0.0001819,,
93,0.0001814,,
93.1,0.000181,,
93.2,0.0001805,,
93.3,0.00018,,
93.4,0.0001796,,
93.5,0.0001791,,
93.6,0.0001786,,
93.7,0.0001782,,
93.8,0.0001777,,
93.9,0.0001773,,
94,0.0001768,,
94.1,0.0001764,,
94.2,0.0001759,,
94.3,0.0001755,,
94.4,0.000175,,
94.5,0.0001746,,
94.6,0.0001741,,
94.7,0.0001737,,
94.8,0.0001732,,
94.9,0.0001728,,
95,0.0001723,,
95.1,0.0001719,,
95.2,0.0001715,,
95.3,0.000171,,
95.4,0.0001706,,
95.5,0.0001701,,
95.6,0.0001697,,
95.7,0.0001693,,
95.8,0.0001689,,
95.9,0.0001684,,
96,0.000168,,
96.1,0.0001676,,
96.2,0.0001671,,
96.3,0.0001667,,
96.4,0.0001663,,
96.5,0.0001659,,
96.6,0.0001655,,
96.7,0.000165,,
96.8,0.0001646,,
96.9,0.0001642,,
97,0.0001638,,
97.1,0.0001634,,
97.2,0.000163,,
97.3,0.0001626,,
97.4,0.0001621,,
97.5,0.0001617,,
97.6,0.0001613,,
97.7,0.0001609,,
97.8,0.0001605,,
97.9,0.0001601,,
98,0.0001597,,
98.1,0.0001593,,
98.2,0.0001589,,
98.3,0.0001585,,
98.4,0.0001581,,
98.5,0.0001577,,
98.6,0.0001573,,
98.7,0.0001569,,
98.8,0.0001565,,
98.9,0.0001561,,
99,0.0001558,,
99.1,0.0001554,,
99.2,0.000155,,
99.3,0.0001546,,
99.4,0.0001542,,
99.5,0.0001538,,
99.6,0.0001534,,
99.7,0.0001531,,
99.8,0.0001527,,
99.9,0.0001523,,
100,0.0001519,,
100.1,0.0001515,,
100.2,0.0001512,,
100.3,0.0001508,,
100.4,0.0001504,,
100.5,0.00015,,
100.6,0.0001497,,
100.7,0.0001493,,
100.8,0.0001489,,
100.9,0.0001486,,
101,0.0001482,,
101.1,0.0001478,,
101.2,0.0001475,,
101.3,0.0001471,,
101.4,0.0001467,,
101.5,0.0001464,,
101.6,0.000146,,
101.7,0.0001457,,
101.8,0.0001453,,
101.9,0.0001449,,
102,0.0001446,,
102.1,0.0001442,,
102.2,0.0001439,,
102.3,0.0001435,,
102.4,0.0001432,,
102.5,0.0001428,,
102.6,0.0001425,,
102.7,0.0001421,,
102.8,0.0001418,,
102.9,0.0001414,,
103,0.0001411,,
103.1,0.0001407,,
103.2,0.0001404,,
103.3,0.00014,,
103.4,0.0001397,,
103.5,0.0001394,,
103.6,0.000139,,
103.7,0.0001387,,
103.8,0.0001383,,
103.9,0.000138,,
104,0.0001377,,
104.1,0.0001373,,
104.2,0.000137,,
104.3,0.0001367,,
104.4,0.0001363,,
104.5,0.000136,,
104.6,0.0001357,,
104.7,0.0001354,,
104.8,0.000135,,
104.9,0.0001347,,
105,0.0001344,,
105.1,0.000134,,
105.2,0.0001337,,
105.3,0.0001334,,
105.4,0.0001331,,
105.5,0.0001328,,
105.6,0.0001324,,
105.7,0.0001321,,
105.8,0.0001318,,
105.9,0.0001315,,
106,0.0001312,,
106.1,0.0001309,,
106.2,0.0001305,,
106.3,0.0001302,,
106.4,0.0001299,,
106.5,0.0001296,,
106.6,0.0001293,,
106.7,0.000129,,
106.8,0.0001287,,
106.9,0.0001284,,
107,0.0001281,,
107.1,0.0001278,,
107.2,0.0001274,,
107.3,0.0001271,,
107.4,0.0001268,,
107.5,0.0001265,,
107.6,0.0001262,,
107.7,0.0001259,,
107.8,0.0001256,,
107.9,0.0001253,,
108,0.000125,,
108.1,0.0001247,,
108.2,0.0001244,,
108.3,0.0001242,,
108.4,0.0001239,,
108.5,0.0001236,,
108.6,0.0001233,,
108.7,0.000123,,
108.8,0.0001227,,
108.9,0.0001224,,
109,0.0001221,,
109.1,0.0001218,,
109.2,0.0001215,,
109.3,0.0001212,,
109.4,0.000121,,
109.5,0.0001207,,
109.6,0.0001204,,
109.7,0.0001201,,
109.8,0.0001198,,
109.9,0.0001195,,
110,0.0001193,,
110.1,0.000119,,
110.2,0.0001187,,
110.3,0.0001184,,
110.4,0.0001181,,
110.5,0.0001179,,
110.6,0.0001176,,
110.7,0.0001173,,
110.8,0.000117,,
110.9,0.0001168,,
111,0.0001165,,
111.1,0.0001162,,
111.2,0.000116,,
111.3,0.0001157,,
111.4,0.0001154,,
111.5,0.0001151,,
111.6,0.0001149,,
111.7,0.0001146,,
111.8,0.0001143,,
111.9,0.0001141,,
112,0.0001138,,
112.1,0.0001135,,
112.2,0.0001133,,
112.3,0.000113,,
112.4,0.0001128,,
112.5,0.0001125,,
112.6,0.0001122,,
112.7,0.000112,,
112.8,0.0001117,,
112.9,0.0001115,,
113,0.0001112,,
113.1,0.0001109,,
113.2,0.0001107,,
113.3,0.0001104,,
113.4,0.0001102,,
113.5,0.0001099,,
113.6,0.0001097,,
113.7,0.0001094,,
113.8,0.0001092,,
113.9,0.0001089,,
114,0.0001087,,
114.1,0.0001084,,
114.2,0.0001082,,
114.3,0.0001079,,
114.4,0.0001077,,
114.5,0.0001074,,
114.6,0.0001072,,
114.7,0.0001069,,
114.8,0.0001067,,
114.9,0.0001065,,
115,0.0001062,,
115.1,0.000106,,
115.2,0.0001057,,
115.3,0.0001055,,
115.4,0.0001052,,
115.5,0.000105,,
115.6,0.0001048,,
115.7,0.0001045,,
115.8,0.0001043,,
115.9,0.0001041,,
116,0.0001038,,
116.1,0.0001036,,
116.2,0.0001033,,
116.3,0.0001031,,
116.4,0.0001029,,
116.5,0.0001026,,
116.6,0.0001024,,
116.7,0.0001022,,
116.8,0.0001019,,
116.9,0.0001017,,
117,0.0001015,,
117.1,0.0001013,,
117.2,0.000101,,
117.3,0.0001008,,
117.4,0.0001006,,
117.5,0.0001003,,
117.6,0.0001001,,
117.7,9.98999E-05,,
117.8,9.96999E-05,,
117.9,9.94999E-05,,
118,9.91999E-05,,
118.1,9.89999E-05,,
118.2,9.87999E-05,,
118.3,9.85999E-05,,
118.4,9.82999E-05,,
118.5,9.80999E-05,,
118.6,9.78999E-05,,
118.7,9.76999E-05,,
118.8,9.74999E-05,,
118.9,9.71999E-05,,
119,9.69999E-05,,
119.1,9.67999E-05,,
119.2,9.65999E-05,,
119.3,9.63999E-05,,
119.4,9.61999E-05,,
119.5,9.59999E-05,,
119.6,9.56999E-05,,
119.7,9.54999E-05,,
119.8,9.52999E-05,,
119.9,9.50999E-05,,
120,9.48999E-05,,
120.1,9.46999E-05,,
120.2,9.44999E-05,,
120.3,9.42999E-05,,
120.4,9.40999E-05,,
120.5,9.37999E-05,,
120.6,9.35999E-05,,
120.7,9.33999E-05,,
120.8,9.31999E-05,,
120.9,9.29999E-05,,
121,9.27999E-05,,
121.1,9.25999E-05,,
121.2,9.23999E-05,,
121.3,9.21999E-05,,
121.4,9.19999E-05,,
121.5,9.17999E-05,,
121.6,9.15999E-05,,
121.7,9.13999E-05,,
121.8,9.11999E-05,,
121.9,9.09999E-05,,
122,9.07999E-05,,
122.1,9.05999E-05,,
122.2,9.03999E-05,,
122.3,9.01999E-05,,
122.4,8.99999E-05,,
122.5,8.97999E-05,,
122.6,8.95999E-05,,
122.7,8.93999E-05,,
122.8,8.91999E-05,,
122.9,8.89999E-05,,
123,8.87999E-05,,
123.1,8.85999E-05,,
123.2,8.83999E-05,,
123.3,8.81999E-05,,
123.4,8.80999E-05,,
123.5,8.78999E-05,,
123.6,8.76999E-05,,
123.7,8.74999E-05,,
123.8,8.72999E-05,,
123.9,8.70999E-05,,
124,8.68999E-05,,
124.1,8.66999E-05,,
124.2,8.64999E-05,,
124.3,8.63999E-05,,
124.4,8.61999E-05,,
124.5,8.59999E-05,,
124.6,8.57999E-05,,
124.7,8.55999E-05,,
124.8,8.53999E-05,,
124.9,8.51999E-05,,
125,8.50999E-05,,
125.1,8.48999E-05,,
125.2,8.46999E-05,,
125.3,8.44999E-05,,
125.4,8.42999E-05,,
125.5,8.40999E-05,,
125.6,8.39999E-05,,
125.7,8.37999E-05,,
125.8,8.35999E-05,,
125.9,8.33999E-05,,
126,8.31999E-05,,
126.1,8.30999E-05,,
126.2,8.28999E-05,,
126.3,8.26999E-05,,
126.4,8.24999E-05,,
126.5,8.23999E-05,,
126.6,8.21999E-05,,
126.7,8.19999E-05,,
126.8,8.17999E-05,,
126.9,8.16999E-05,,
127,8.14999E-05,,
127.1,8.12999E-05,,
127.2,8.10999E-05,,
127.3,8.09999E-05,,
127.4,8.07999E-05,,
127.5,8.05999E-05,,
127.6,8.03999E-05,,
127.7,8.02999E-05,,
127.8,8.00999E-05,,
127.9,7.98999E-05,,
128,7.97999E-05,,
128.1,7.95999E-05,,
128.2,7.93999E-05,,
128.3,7.92999E-05,,
128.4,7.90999E-05,,
128.5,7.88999E-05,,
128.6,7.87999E-05,,
128.7,7.85999E-05,,
128.8,7.83999E-05,,
128.9,7.82999E-05,,
129,7.80999E-05,,
129.1,7.78999E-05,,
129.2,7.77999E-05,,
129.3,7.75999E-05,,
129.4,7.73999E-05,,
129.5,7.72999E-05,,
129.6,7.70999E-05,,
129.7,7.69999E-05,,
129.8,7.67999E-05,,
129.9,7.65999E-05,,
130,7.64999E-05,,
130.1,7.62999E-05,,
130.2,7.61999E-05,,
130.3,7.59999E-05,,
130.4,7.57999E-05,,
130.5,7.56999E-05,,
130.6,7.54999E-05,,
130.7,7.53999E-05,,
130.8,7.51999E-05,,
130.9,7.50999E-05,,
131,7.48999E-05,,
131.1,7.46999E-05,,
131.2,7.45999E-05,,
131.3,7.43999E-05,,
131.4,7.42999E-05,,
131.5,7.40999E-05,,
131.6,7.39999E-05,,
131.7,7.37999E-05,,
131.8,7.36999E-05,,
131.9,7.34999E-05,,
132,7.33999E-05,,
132.1,7.31999E-05,,
132.2,7.30999E-05,,
132.3,7.28999E-05,,
132.4,7.26999E-05,,
132.5,7.25999E-05,,
132.6,7.23999E-05,,
132.7,7.22999E-05,,
132.8,7.21999E-05,,
132.9,7.19999E-05,,
133,7.18999E-05,,
133.1,7.16999E-05,,
133.2,7.15999E-05,,
133.3,7.13999E-05,,
133.4,7.12999E-05,,
133.5,7.10999E-05,,
133.6,7.09999E-05,,
133.7,7.07999E-05,,
133.8,7.06999E-05,,
133.9,7.04999E-05,,
134,7.03999E-05,,
134.1,7.01999E-05,,
134.2,7.00999E-05,,
134.3,6.99999E-05,,
134.4,6.97999E-05,,
134.5,6.96999E-05,,
134.6,6.94999E-05,,
134.7,6.93999E-05,,
134.8,6.92999E-05,,
134.9,6.90999E-05,,
135,6.89999E-05,,
135.1,6.87999E-05,,
135.2,6.86999E-05,,
135.3,6.84999E-05,,
135.4,6.83999E-05,,
135.5,6.82999E-05,,
135.6,6.80999E-05,,
135.7,6.79999E-05,,
135.8,6.78999E-05,,
135.9,6.76999E-05,,
136,6.75999E-05,,
136.1,6.73999E-05,,
136.2,6.72999E-05,,
136.3,6.71999E-05,,
136.4,6.69999E-05,,
136.5,6.68999E-05,,
136.6,6.67999E-05,,
136.7,6.65999E-05,,
136.8,6.64999E-05,,
136.9,6.63999E-05,,
137,6.61999E-05,,
137.1,6.60999E-05,,
137.2,6.59999E-05,,
137.3,6.57999E-05,,
137.4,6.56999E-05,,
137.5,6.55999E-05,,
137.6,6.53999E-05,,
137.7,6.52999E-05,,
137.8,6.51999E-05,,
137.9,6.49999E-05,,
138,6.48999E-05,,
138.1,6.47999E-05,,
138.2,6.46999E-05,,
138.3,6.44999E-05,,
138.4,6.43999E-05,,
138.5,6.42999E-05,,
138.6,6.40999E-05,,
138.7,6.39999E-05,,
138.8,6.38999E-05,,
138.9,6.37999E-05,,
139,6.35999E-05,,
139.1,6.34999E-05,,
139.2,6.33999E-05,,
139.3,6.32999E-05,,
139.4,6.30999E-05,,
139.5,6.29999E-05,,
139.6,6.28999E-05,,
139.7,6.27999E-05,,
139.8,6.25999E-05,,
139.9,6.24999E-05,,
140,6.23999E-05,,
140.1,6.22999E-05,,
140.2,6.20999E-05,,
140.3,6.19999E-05,,
140.4,6.18999E-05,,
140.5,6.17999E-05,,
140.6,6.15999E-05,,
140.7,6.14999E-05,,
140.8,6.13999E-05,,
140.9,6.12999E-05,,
141,6.11999E-05,,
141.1,6.09999E-05,,
141.2,6.08999E-05,,
141.3,6.07999E-05,,
141.4,6.06999E-05,,
141.5,6.05999E-05,,
141.6,6.03999E-05,,
141.7,6.02999E-05,,
141.8,6.01999E-05,,
141.9,6.00999E-05,,
142,5.99999E-05,,
142.1,5.98999E-05,,
142.2,5.96999E-05,,
142.3,5.95999E-05,,
142.4,5.94999E-05,,
142.5,5.93999E-05,,
142.6,5.92999E-05,,
142.7,5.91999E-05,,
142.8,5.89999E-05,,
142.9,5.88999E-05,,
143,5.87999E-05,,
143.1,5.86999E-05,,
143.2,5.85999E-05,,
143.3,5.84999E-05,,
143.4,5.83999E-05,,
143.5,5.81999E-05,,
143.6,5.80999E-05,,
143.7,5.79999E-05,,
143.8,5.78999E-05,,
143.9,5.77999E-05,,
144,5.76999E-05,,
144.1,5.75999E-05,,
144.2,5.74999E-05,,
144.3,5.73999E-05,,
144.4,5.71999E-05,,
144.5,5.70999E-05,,
144.6,5.69999E-05,,
144.7,5.68999E-05,,
144.8,5.67999E-05,,
144.9,5.66999E-05,,
145,5.65999E-05,,
145.1,5.64999E-05,,
145.2,5.63999E-05,,
145.3,5.62999E-05,,
145.4,5.60999E-05,,
145.5,5.59999E-05,,
145.6,5.58999E-05,,
145.7,5.57999E-05,,
145.8,5.56999E-05,,
145.9,5.55999E-05,,
146,5.54999E-05,,
146.1,5.53999E-05,,
146.2,5.52999E-05,,
146.3,5.51999E-05,,
146.4,5.50999E-05,,
146.5,5.49999E-05,,
146.6,5.48999E-05,,
146.7,5.47999E-05,,
146.8,5.46999E-05,,
146.9,5.45999E-05,,
147,5.44999E-05,,
147.1,5.43999E-05,,
147.2,5.42999E-05,,
147.3,5.40999E-05,,
147.4,5.39999E-05,,
147.5,5.38999E-05,,
147.6,5.37999E-05,,
147.7,5.36999E-05,,
147.8,5.35999E-05,,
147.9,5.34999E-05,,
148,5.33999E-05,,
148.1,5.32999E-05,,
148.2,5.31999E-05,,
148.3,5.30999E-05,,
148.4,5.29999E-05,,
148.5,5.28999E-05,,
148.6,5.27999E-05,,
148.7,5.26999E-05,,
148.8,5.25999E-05,,
148.9,5.24999E-05,,
149,5.23999E-05,,
149.1,5.22999E-05,,
149.2,5.21999E-05,,
149.3,5.20999E-05,,
149.4,5.19999E-05,,
149.5,5.18999E-05,,
149.6,5.17999E-05,,
149.7,5.16999E-05,,
149.8,5.16999E-05,,
149.9,5.15999E-05,,
150,5.14999E-05,,
150.1,5.13999E-05,,
150.2,5.12999E-05,,
150.3,5.11999E-05,,
150.4,5.10999E-05,,
150.5,5.09999E-05,,
150.6,5.08999E-05,,
150.7,5.07999E-05,,
150.8,5.06999E-05,,
150.9,5.05999E-05,,
151,5.04999E-05,,
151.1,5.03999E-05,,
151.2,5.02999E-05,,
151.3,5.01999E-05,,
151.4,5.00999E-05,,
151.5,4.99999E-05,,
151.6,4.98999E-05,,
151.7,4.98999E-05,,
151.8,4.97999E-05,,
151.9,4.96999E-05,,
152,4.95999E-05,,
152.1,4.94999E-05,,
152.2,4.93999E-05,,
152.3,4.92999E-05,,
152.4,4.91999E-05,,
152.5,4.90999E-05,,
152.6,4.89999E-05,,
152.7,4.88999E-05,,
152.8,4.88999E-05,,
152.9,4.87999E-05,,
153,4.86999E-05,,
153.1,4.85999E-05,,
153.2,4.84999E-05,,
153.3,4.83999E-05,,
153.4,4.82999E-05,,
153.5,4.81999E-05,,
153.6,4.80999E-05,,
153.7,4.79999E-05,,
153.8,4.79999E-05,,
153.9,4.78999E-05,,
154,4.77999E-05,,
154.1,4.76999E-05,,
154.2,4.75999E-05,,
154.3,4.74999E-05,,
154.4,4.73999E-05,,
154.5,4.73999E-05,,
154.6,4.72999E-05,,
154.7,4.71999E-05,,
154.8,4.70999E-05,,
154.9,4.69999E-05,,
155,4.68999E-05,,
155.1,4.67999E-05,,
155.2,4.67999E-05,,
155.3,4.66999E-05,,
155.4,4.65999E-05,,
155.5,4.64999E-05,,
155.6,4.63999E-05,,
155.7,4.62999E-05,,
155.8,4.61999E-05,,
155.9,4.61999E-05,,
156,4.60999E-05,,
156.1,4.59999E-05,,
156.2,4.58999E-05,,
156.3,4.57999E-05,,
156.4,4.56999E-05,,
156.5,4.56999E-05,,
156.6,4.55999E-05,,
156.7,4.54999E-05,,
156.8,4.53999E-05,,
156.9,4.52999E-05,,
157,4.52999E-05,,
157.1,4.51999E-05,,
157.2,4.50999E-05,,
157.3,4.49999E-05,,
157.4,4.48999E-05,,
157.5,4.47999E-05,,
157.6,4.47999E-05,,
157.7,4.46999E-05,,
157.8,4.45999E-05,,
157.9,4.44999E-05,,
158,4.43999E-05,,
158.1,4.43999E-05,,
158.2,4.42999E-05,,
158.3,4.41999E-05,,
158.4,4.40999E-05,,
158.5,4.40999E-05,,
158.6,4.39999E-05,,
158.7,4.38999E-05,,
158.8,4.37999E-05,,
158.9,4.36999E-05,,
159,4.36999E-05,,
159.1,4.35999E-05,,
159.2,4.34999E-05,,
159.3,4.33999E-05,,
159.4,4.32999E-05,,
159.5,4.32999E-05,,
159.6,4.31999E-05,,
159.7,4.30999E-05,,
159.8,4.29999E-05,,
159.9,4.29999E-05,,
160,4.28999E-05,,
160.1,4.27999E-05,,
160.2,4.26999E-05,,
160.3,4.26999E-05,,
160.4,4.25999E-05,,
160.5,4.24999E-05,,
160.6,4.23999E-05,,
160.7,4.23999E-05,,
160.8,4.22999E-05,,
160.9,4.21999E-05,,
161,4.20999E-05,,
161.1,4.20999E-05,,
161.2,4.19999E-05,,
161.3,4.18999E-05,,
161.4,4.17999E-05,,
161.5,4.17999E-05,,
161.6,4.16999E-05,,
161.7,4.16E-05,,
161.8,4.15E-05,,
161.9,4.15E-05,,
162,4.14E-05,,
162.1,4.13E-05,,
162.2,4.13E-05,,
162.3,4.12E-05,,
162.4,4.11E-05,,
162.5,4.1E-05,,
162.6,4.1E-05,,
162.7,4.09E-05,,
162.8,4.08E-05,,
162.9,4.08E-05,,
163,4.07E-05,,
163.1,4.06E-05,,
163.2,4.05E-05,,
163.3,4.05E-05,,
163.4,4.04E-05,,
163.5,4.03E-05,,
163.6,4.03E-05,,
163.7,4.02E-05,,
163.8,4.01E-05,,
163.9,4.01E-05,,
164,4E-05,,
164.1,3.99E-05,,
164.2,3.98E-05,,
164.3,3.98E-05,,
164.4,3.97E-05,,
164.5,3.96E-05,,
164.6,3.96E-05,,
164.7,3.95E-05,,
164.8,3.94E-05,,
164.9,3.94E-05,,
165,3.93E-05,,
165.1,3.92E-05,,
165.2,3.92E-05,,
165.3,3.91E-05,,
165.4,3.9E-05,,
165.5,3.9E-05,,
165.6,3.89E-05,,
165.7,3.88E-05,,
165.8,3.88E-05,,
165.9,3.87E-05,,
166,3.86E-05,,
166.1,3.86E-05,,
166.2,3.85E-05,,
166.3,3.84E-05,,
166.4,3.84E-05,,
166.5,3.83E-05,,
166.6,3.82E-05,,
166.7,3.82E-05,,
166.8,3.81E-05,,
166.9,3.8E-05,,
167,3.8E-05,,
167.1,3.79E-05,,
167.2,3.78E-05,,
167.3,3.78E-05,,
167.4,3.77E-05,,
167.5,3.76E-05,,
167.6,3.76E-05,,
167.7,3.75E-05,,
167.8,3.75E-05,,
167.9,3.74E-05,,
168,3.73E-05,,
168.1,3.73E-05,,
168.2,3.72E-05,,
168.3,3.71E-05,,
168.4,3.71E-05,,
168.5,3.7E-05,,
168.6,3.7E-05,,
168.7,3.69E-05,,
168.8,3.68E-05,,
168.9,3.68E-05,,
169,3.67E-05,,
169.1,3.66E-05,,
169.2,3.66E-05,,
169.3,3.65E-05,,
169.4,3.65E-05,,
169.5,3.64E-05,,
169.6,3.63E-05,,
169.7,3.63E-05,,
169.8,3.62E-05,,
169.9,3.61E-05,,
170,3.61E-05,,
170.1,3.6E-05,,
170.2,3.6E-05,,
170.3,3.59E-05,,
170.4,3.58E-05,,
170.5,3.58E-05,,
170.6,3.57E-05,,
170.7,3.57E-05,,
170.8,3.56E-05,,
170.9,3.55E-05,,
171,3.55E-05,,
171.1,3.54E-05,,
171.2,3.54E-05,,
171.3,3.53E-05,,
171.4,3.53E-05,,
171.5,3.52E-05,,
171.6,3.51E-05,,
171.7,3.51E-05,,
171.8,3.5E-05,,
171.9,3.5E-05,,
172,3.49E-05,,
172.1,3.48E-05,,
172.2,3.48E-05,,
172.3,3.47E-05,,
172.4,3.47E-05,,
172.5,3.46E-05,,
172.6,3.46E-05,,
172.7,3.45E-05,,
172.8,3.44E-05,,
172.9,3.44E-05,,
173,3.43E-05,,
173.1,3.43E-05,,
173.2,3.42E-05,,
173.3,3.42E-05,,
173.4,3.41E-05,,
173.5,3.4E-05,,
173.6,3.4E-05,,
173.7,3.39E-05,,
173.8,3.39E-05,,
173.9,3.38E-05,,
174,3.38E-05,,
174.1,3.37E-05,,
174.2,3.37E-05,,
174.3,3.36E-05,,
174.4,3.35E-05,,
174.5,3.35E-05,,
174.6,3.34E-05,,
174.7,3.34E-05,,
174.8,3.33E-05,,
174.9,3.33E-05,,
175,3.32E-05,,
175.1,3.32E-05,,
175.2,3.31E-05,,
175.3,3.31E-05,,
175.4,3.3E-05,,
175.5,3.29E-05,,
175.6,3.29E-05,,
175.7,3.28E-05,,
175.8,3.28E-05,,
175.9,3.27E-05,,
176,3.27E-05,,
176.1,3.26E-05,,
176.2,3.26E-05,,
176.3,3.25E-05,,
176.4,3.25E-05,,
176.5,3.24E-05,,
176.6,3.24E-05,,
176.7,3.23E-05,,
176.8,3.23E-05,,
176.9,3.22E-05,,
177,3.21E-05,,
177.1,3.21E-05,,
177.2,3.2E-05,,
177.3,3.2E-05,,
177.4,3.19E-05,,
177.5,3.19E-05,,
177.6,3.18E-05,,
177.7,3.18E-05,,
177.8,3.17E-05,,
177.9,3.17E-05,,
178,3.16E-05,,
178.1,3.16E-05,,
178.2,3.15E-05,,
178.3,3.15E-05,,
178.4,3.14E-05,,
178.5,3.14E-05,,
178.6,3.13E-05,,
178.7,3.13E-05,,
178.8,3.12E-05,,
178.9,3.12E-05,,
179,3.11E-05,,
179.1,3.11E-05,,
179.2,3.1E-05,,
179.3,3.1E-05,,
179.4,3.09E-05,,
179.5,3.09E-05,,
179.6,3.08E-05,,
179.7,3.08E-05,,
179.8,3.07E-05,,
179.9,3.07E-05,,
180,3.06E-05,,
180.1,3.06E-05,,
180.2,3.05E-05,,
180.3,3.05E-05,,
180.4,3.04E-05,,
180.5,3.04E-05,,
180.6,3.03E-05,,
180.7,3.03E-05,,
180.8,3.02E-05,,
180.9,3.02E-05,,
181,3.01E-05,,
181.1,3.01E-05,,
181.2,3E-05,,
181.3,3E-05,,
181.4,3E-05,,
181.5,2.99E-05,,
181.6,2.99E-05,,
181.7,2.98E-05,,
181.8,2.98E-05,,
181.9,2.97E-05,,
182,2.97E-05,,
182.1,2.96E-05,,
182.2,2.96E-05,,
182.3,2.95E-05,,
182.4,2.95E-05,,
182.5,2.94E-05,,
182.6,2.94E-05,,
182.7,2.93E-05,,
182.8,2.93E-05,,
182.9,2.93E-05,,
183,2.92E-05,,
183.1,2.92E-05,,
183.2,2.91E-05,,
183.3,2.91E-05,,
183.4,2.9E-05,,
183.5,2.9E-05,,
183.6,2.89E-05,,
183.7,2.89E-05,,
183.8,2.88E-05,,
183.9,2.88E-05,,
184,2.88E-05,,
184.1,2.87E-05,,
184.2,2.87E-05,,
184.3,2.86E-05,,
184.4,2.86E-05,,
184.5,2.85E-05,,
184.6,2.85E-05,,
184.7,2.84E-05,,
184.8,2.84E-05,,
184.9,2.83E-05,,
185,2.83E-05,,
185.1,2.83E-05,,
185.2,2.82E-05,,
185.3,2.82E-05,,
185.4,2.81E-05,,
185.5,2.81E-05,,
185.6,2.8E-05,,
185.7,2.8E-05,,
185.8,2.8E-05,,
185.9,2.79E-05,,
186,2.79E-05,,
186.1,2.78E-05,,
186.2,2.78E-05,,
186.3,2.77E-05,,
186.4,2.77E-05,,
186.5,2.77E-05,,
186.6,2.76E-05,,
186.7,2.76E-05,,
186.8,2.75E-05,,
186.9,2.75E-05,,
187,2.74E-05,,
187.1,2.74E-05,,
187.2,2.74E-05,,
187.3,2.73E-05,,
187.4,2.73E-05,,
187.5,2.72E-05,,
187.6,2.72E-05,,
187.7,2.71E-05,,
187.8,2.71E-05,,
187.9,2.71E-05,,
188,2.7E-05,,
188.1,2.7E-05,,
188.2,2.69E-05,,
188.3,2.69E-05,,
188.4,2.69E-05,,
188.5,2.68E-05,,
188.6,2.68E-05,,
188.7,2.67E-05,,
188.8,2.67E-05,,
188.9,2.66E-05,,
189,2.66E-05,,
189.1,2.66E-05,,
189.2,2.65E-05,,
189.3,2.65E-05,,
189.4,2.64E-05,,
189.5,2.64E-05,,
189.6,2.64E-05,,
189.7,2.63E-05,,
189.8,2.63E-05,,
189.9,2.62E-05,,
190,2.62E-05,,
190.1,2.62E-05,,
190.2,2.61E-05,,
190.3,2.61E-05,,
190.4,2.6E-05,,
190.5,2.6E-05,,
190.6,2.6E-05,,
190.7,2.59E-05,,
190.8,2.59E-05,,
190.9,2.58E-05,,
191,2.58E-05,,
191.1,2.58E-05,,
191.2,2.57E-05,,
191.3,2.57E-05,,
191.4,2.57E-05,,
191.5,2.56E-05,,
191.6,2.56E-05,,
191.7,2.55E-05,,
191.8,2.55E-05,,
191.9,2.55E-05,,
192,2.54E-05,,
192.1,2.54E-05,,
192.2,2.53E-05,,
192.3,2.53E-05,,
192.4,2.53E-05,,
192.5,2.52E-05,,
192.6,2.52E-05,,
192.7,2.52E-05,,
192.8,2.51E-05,,
192.9,2.51E-05,,
193,2.5E-05,,
193.1,2.5E-05,,
193.2,2.5E-05,,
193.3,2.49E-05,,
193.4,2.49E-05,,
193.5,2.49E-05,,
193.6,2.48E-05,,
193.7,2.48E-05,,
193.8,2.47E-05,,
193.9,2.47E-05,,
194,2.47E-05,,
194.1,2.46E-05,,
194.2,2.46E-05,,
194.3,2.46E-05,,
194.4,2.45E-05,,
194.5,2.45E-05,,
194.6,2.45E-05,,
194.7,2.44E-05,,
194.8,2.44E-05,,
194.9,2.43E-05,,
195,2.43E-05,,
195.1,2.43E-05,,
195.2,2.42E-05,,
195.3,2.42E-05,,
195.4,2.42E-05,,
195.5,2.41E-05,,
195.6,2.41E-05,,
195.7,2.41E-05,,
195.8,2.4E-05,,
195.9,2.4E-05,,
196,2.39E-05,,
196.1,2.39E-05,,
196.2,2.39E-05,,
196.3,2.38E-05,,
196.4,2.38E-05,,
196.5,2.38E-05,,
196.6,2.37E-05,,
196.7,2.37E-05,,
196.8,2.37E-05,,
196.9,2.36E-05,,
197,2.36E-05,,
197.1,2.36E-05,,
197.2,2.35E-05,,
197.3,2.35E-05,,
197.4,2.35E-05,,
197.5,2.34E-05,,
197.6,2.34E-05,,
197.7,2.34E-05,,
197.8,2.33E-05,,
197.9,2.33E-05,,
198,2.33E-05,,
198.1,2.32E-05,,
198.2,2.32E-05,,
198.3,2.32E-05,,
198.4,2.31E-05,,
198.5,2.31E-05,,
198.6,2.3E-05,,
198.7,2.3E-05,,
198.8,2.3E-05,,
198.9,2.29E-05,,
199,2.29E-05,,
199.1,2.29E-05,,
199.2,2.28E-05,,
199.3,2.28E-05,,
199.4,2.28E-05,,
199.5,2.27E-05,,
199.6,2.27E-05,,
199.7,2.27E-05,,
199.8,2.26E-05,,
199.9,2.26E-05,,
200,2.26E-05,,
,,,
,,,
,,,
,,,
,,,
,,,
,,,
,,,
,,,
,,,
,,,
,,,
,,,
,,,
,,,
,,,
,,,
,,,
,,,
,,,
,,,
,,,
,,,
,,,
,,,
,,,
,,,
,,,
,,,
,,,
,,,
,,,
,,,
,,,
,,,
,,,
,,,
,,,
,,,
,,,
,,,
,,,
,,,
,,,
,,,
,,,
,,,
,,,
,,,
,,,
,,,
,,,
,,,
,,,
,,,
,,,
,,,
,,,
,,,
,,,
,,,
,,,
,,,
,,,
,,,
,,,
,,,
,,,
,,,
,,,
,,,
,,,
,,,
,,,
,,,
,,,
,,,
,,,
,,,
,,,
,,,
,,,
,,,
,,,
,,,
,,,
,,,
,,,
,,,
,,,
,,,
,,,
,,,
,,,
,,,
,,,
,,,
,,,
,,,
,,,
,,,
,,,
,,,
,,,
,,,
,,,
,,,
,,,
,,,
,,,
,,,
,,,
,,,
,,,
,,,
,,,
,,,
,,,
,,,
,,,
,,,
,,,
,,,
,,,
,,,
,,,
,,,
,,,
,,,
,,,
,,,
,,,
,,,
,,,
,,,
,,,
,,,
,,,
,,,
,,,
,,,
,,,
,,,
,,,
,,,
,,,
,,,
,,,
,,,
,,,
,,,
,,,
,,,
,,,
,,,
,,,
,,,
,,,
,,,
,,,
,,,
,,,
,,,
,,,
,,,
,,,
,,,
,,,
,,,
,,,
,,,
,,,
,,,
,,,
,,,
,,,
,,,
,,,
,,,
,,,
,,,
,,,
,,,
,,,
,,,
,,,
,,,
,,,
,,,
,,,
,,,
,,,
,,,
,,,
,,,
,,,
,,,
,,,
,,,
,,,
,,,
,,,
,,,
,,,
,,,
,,,
,,,
,,,
,,,
,,,
,,,
,,,
,,,
,,,
,,,
,,,
,,,
,,,
,,,
,,,
,,,
,,,
,,,
,,,
,,,
,,,
,,,
,,,
,,,
,,,
,,,
,,,
,,,
,,,
,,,
,,,
,,,
,,,
,,,
,,,
,,,
,,,
,,,
,,,
,,,
,,,
,,,
,,,
,,,
,,,
,,,
,,,
,,,
,,,
,,,
,,,
,,,
,,,
,,,
,,,
,,,
,,,
,,,
,,,
,,,
,,,
,,,
,,,
,,,
,,,
,,,
,,,
,,,
,,,
,,,
,,,
,,,
,,,
,,,
,,,
,,,
,,,
,,,
,,,
,,,
,,,
,,,
,,,
,,,
,,,
,,,
,,,
,,,
,,,
,,,
,,,
,,,
,,,
,,,
,,,
,,,
,,,
,,,
,,,
,,,
,,,
,,,
,,,
,,,
,,,
,,,
,,,
,,,
,,,
,,,
,,,
,,,
,,,
,,,
,,,
,,,
,,,
,,,
,,,
,,,
,,,
,,,
,,,
,,,
,,,
,,,
,,,
,,,
,,,
,,,
,,,
,,,
,,,
,,,
,,,
,,,
,,,
,,,
,,,
,,,
,,,
,,,
,,,
,,,
,,,
,,,
,,,
,,,
,,,
,,,
,,,
,,,
,,,
,,,
,,,
,,,
,,,
,,,
,,,
,,,
,,,
,,,
,,,
,,,
,,,
,,,
,,,
,,,
,,,
,,,
,,,
,,,
,,,
,,,
,,,
,,,
,,,
,,,
,,,
,,,
,,,
,,,
,,,
,,,
,,,
,,,
,,,
,,,
,,,
,,,
,,,
,,,
,,,
,,,
,,,
,,,
,,,
,,,
,,,
,,,
,,,
,,,
,,,
,,,
,,,
,,,
,,,
,,,
,,,
,,,
,,,
,,,
,,,
,,,
,,,
,,,
,,,
,,,
,,,
,,,
,,,
,,,
,,,
,,,
,,,
,,,
,,,
,,,
,,,
,,,
,,,
,,,
,,,
,,,
,,,
,,,
,,,
,,,
,,,
,,,
,,,
,,,
,,,
,,,
,,,
,,,
,,,
,,,
,,,
,,,
,,,
,,,
,,,
,,,
,,,
,,,
,,,
,,,
,,,
,,,
,,,
,,,
,,,
,,,
,,,
,,,
,,,
,,,
,,,
,,,
,,,
,,,
,,,
,,,
,,,
,,,
,,,
,,,
,,,
,,,
,,,
,,,
,,,
,,,
,,,
,,,
,,,
,,,
,,,
,,,
,,,
,,,
,,,
,,,
,,,
,,,
,,,
,,,
,,,
,,,
,,,
,,,
,,,
,,,
,,,
,,,
,,,
,,,
,,,
,,,
,,,
,,,
,,,
,,,
,,,
,,,
,,,
,,,
,,,
,,,
,,,
,,,
,,,
,,,
,,,
,,,
,,,
,,,
,,,
,,,
,,,
,,,
,,,
,,,
,,,
,,,
,,,
,,,
,,,
,,,
,,,
,,,
,,,
,,,
,,,
,,,
,,,
,,,
,,,
,,,
,,,
,,,
,,,
,,,
,,,
,,,
,,,
,,,
,,,
,,,
,,,
,,,
,,,
,,,
,,,
,,,
,,,
,,,
,,,
,,,
,,,
,,,
,,,
,,,
,,,
,,,
,,,
,,,
,,,
,,,
,,,
,,,
,,,
,,,
,,,
,,,
,,,
,,,
,,,
,,,
,,,
,,,
,,,
,,,
,,,
,,,
,,,
,,,
,,,
,,,
,,,
,,,
,,,
,,,
,,,
,,,
,,,
,,,
,,,
,,,
,,,
,,,
,,,
,,,
,,,
,,,
,,,
,,,
,,,
,,,
,,,
,,,
,,,
,,,
,,,
,,,
,,,
,,,
,,,
,,,
,,,
,,,
,,,
,,,
,,,
,,,
,,,
,,,
,,,
,,,
,,,
,,,
,,,
,,,
,,,
,,,
,,,
,,,
,,,
,,,
,,,
,,,
,,,
,,,
,,,
,,,
,,,
,,,
,,,
,,,
,,,
,,,
,,,
,,,
,,,
,,,
,,,
,,,
,,,
,,,
,,,
,,,
,,,
,,,
,,,
,,,
,,,
,,,
,,,
,,,
,,,
,,,
,,,
,,,
,,,
,,,
,,,
,,,
,,,
,,,
,,,
,,,
,,,
,,,
,,,
,,,
,,,
,,,
,,,
,,,
,,,
,,,
,,,
,,,
,,,
,,,
,,,
,,,
,,,
,,,
,,,
,,,
,,,
,,,
,,,
,,,
,,,
,,,
,,,
,,,
,,,
,,,
,,,
,,,
,,,
,,,
,,,
,,,
,,,
,,,
,,,
,,,
,,,
,,,
,,,
,,,
,,,
,,,
,,,
,,,
,,,
,,,
,,,
,,,
,,,
,,,
,,,
,,,
,,,
,,,
,,,
,,,
,,,
,,,
,,,
,,,
,,,
,,,
,,,
,,,
,,,
,,,
,,,
,,,
,,,
,,,
,,,
,,,
,,,
,,,
,,,
,,,
,,,
,,,
,,,
,,,
,,,
,,,
,,,
,,,
,,,
,,,
,,,
,,,
,,,
,,,
,,,
,,,
,,,
,,,
,,,
,,,
,,,
,,,
,,,
,,,
,,,
,,,
,,,
,,,
,,,
,,,
,,,
,,,
,,,
,,,
,,,
,,,
,,,
,,,
,,,
,,,
,,,
,,,
,,,
,,,
,,,
,,,
,,,
,,,
,,,
,,,
,,,
,,,
,,,
,,,
,,,
,,,
,,,
,,,
,,,
,,,
,,,
,,,
,,,
,,,
,,,
,,,
,,,
,,,
,,,
,,,
,,,
,,,
,,,
,,,
,,,
,,,
,,,
,,,
,,,
,,,
,,,
,,,
,,,
,,,
,,,
,,,
,,,
,,,
,,,
,,,
,,,
,,,
,,,
,,,
,,,
,,,
,,,
,,,
,,,
,,,
,,,
,,,
,,,
,,,
,,,
,,,
,,,
,,,
,,,
,,,
,,,
,,,
,,,
,,,
,,,
,,,
,,,
,,,
,,,
,,,
,,,
,,,
,,,
,,,
,,,
,,,
,,,
,,,
,,,
,,,
,,,
,,,
,,,
,,,
,,,
,,,
,,,
,,,
,,,
,,,
,,,
,,,
,,,
,,,
,,,
,,,
,,,
,,,
,,,
,,,
,,,
,,,
,,,
,,,
,,,
,,,
,,,
,,,
,,,
,,,
,,,
,,,
,,,
,,,
,,,
,,,
,,,
,,,
,,,
,,,
,,,
,,,
,,,
,,,
,,,
,,,
,,,
,,,
,,,
,,,
,,,
,,,
,,,
,,,
,,,
,,,
,,,
,,,
,,,
,,,
,,,
,,,
,,,
,,,
,,,
,,,
,,,
,,,
,,,
,,,
,,,
,,,
,,,
,,,
,,,
,,,
,,,
,,,
,,,
,,,
,,,
,,,
,,,
,,,
,,,
,,,
,,,
,,,
,,,
,,,
,,,
,,,
,,,
,,,
,,,
,,,
,,,
,,,
,,,
,,,
,,,
,,,
,,,
,,,
,,,
,,,
,,,
,,,
,,,
,,,
,,,
,,,
,,,
,,,
,,,
,,,
,,,
,,,
,,,
,,,
,,,
,,,
,,,
,,,
,,,
,,,
,,,
,,,
,,,
,,,
,,,
,,,
,,,
,,,
,,,
,,,
,,,
,,,
,,,
,,,
,,,
,,,
,,,
,,,
,,,
,,,
,,,
,,,
,,,
,,,
,,,
,,,
,,,
,,,
,,,
,,,
,,,
,,,
,,,
,,,
,,,
,,,
,,,
,,,
,,,
,,,
,,,
,,,
,,,
,,,
,,,
,,,
,,,
,,,
,,,
,,,
,,,
,,,
,,,
,,,
,,,
,,,
,,,
,,,
,,,
,,,
,,,
,,,
,,,
,,,
,,,
,,,
,,,
,,,
,,,
,,,
,,,
,,,
,,,
,,,
,,,
,,,
,,,
,,,
,,,
,,,
,,,
,,,
,,,
,,,
,,,
,,,
,,,
,,,
,,,
,,,
,,,
,,,
,,,
,,,
,,,
,,,
,,,
,,,
,,,
,,,
,,,
,,,
,,,
,,,
,,,
,,,
,,,
,,,
,,,
,,,
,,,
,,,
,,,
,,,
,,,
,,,
,,,
,,,
,,,
,,,
,,,
,,,
,,,
,,,
,,,
,,,
,,,
,,,
,,,
,,,
,,,
,,,
,,,
,,,
,,,
,,,
,,,
,,,
,,,
,,,
,,,
,,,
,,,
,,,
,,,
,,,
,,,
,,,
,,,
,,,
,,,
,,,
,,,
,,,
,,,
,,,
,,,
,,,
,,,
,,,
,,,
,,,
,,,
,,,
,,,
,,,
,,,
,,,
,,,
,,,
,,,
,,,
,,,
,,,
,,,
,,,
,,,
,,,
,,,
,,,
,,,
,,,
,,,
,,,
,,,
,,,
,,,
,,,
,,,
,,,
,,,
,,,
,,,
,,,
,,,
,,,
,,,
,,,
,,,
,,,
,,,
,,,
,,,
,,,
,,,
,,,
,,,
,,,
,,,
,,,
,,,
,,,
,,,
,,,
,,,
,,,
,,,
,,,
,,,
,,,
,,,
,,,
,,,
,,,
,,,
,,,
,,,
,,,
,,,
,,,
,,,
,,,
,,,
,,,
,,,
,,,
,,,
,,,
,,,
,,,
,,,
,,,
,,,
,,,
,,,
,,,
,,,
,,,
,,,
,,,
,,,
,,,
,,,
,,,
,,,
,,,
,,,
,,,
,,,
,,,
,,,
,,,
,,,
,,,
,,,
,,,
,,,
,,,
,,,
,,,
,,,
,,,
,,,
,,,
,,,
,,,
,,,
,,,
,,,
,,,
,,,
,,,
,,,
,,,
,,,
,,,
,,,
,,,
,,,
,,,
,,,
,,,
,,,
,,,
,,,
,,,
,,,
,,,
,,,
,,,
,,,
,,,
,,,
,,,
,,,
,,,
,,,
,,,
,,,
,,,
,,,
,,,
,,,
,,,
,,,
,,,
,,,
,,,
,,,
,,,
,,,
,,,
,,,
,,,
,,,
,,,
,,,
,,,
,,,
,,,
,,,
,,,
,,,
,,,
,,,
,,,
,,,
,,,
,,,
,,,
,,,
,,,
,,,
,,,
,,,
,,,
,,,
,,,
,,,
,,,
,,,
,,,
,,,
,,,
,,,
,,,
,,,
,,,
,,,
,,,
,,,
,,,
,,,
,,,
,,,
,,,
,,,
,,,
,,,
,,,
,,,
,,,
,,,
,,,
,,,
,,,
,,,
,,,
,,,
,,,
,,,
,,,
,,,
,,,
,,,
,,,
,,,
,,,
,,,
,,,
,,,
,,,
,,,
,,,
,,,
,,,
,,,
,,,
,,,
,,,
,,,
,,,
,,,
,,,
,,,
,,,
,,,
,,,
,,,
,,,
,,,
,,,
,,,
,,,
,,,
,,,
,,,
,,,
,,,
,,,
,,,
,,,
,,,
,,,
,,,
,,,
,,,
,,,
,,,
,,,
,,,
,,,
,,,
,,,
,,,
,,,
,,,
,,,
,,,
,,,
,,,
,,,
,,,
,,,
,,,
,,,
,,,
,,,
,,,
,,,
,,,
,,,
,,,
,,,
,,,
,,,
,,,
,,,
,,,
,,,
,,,
,,,
,,,
,,,
,,,
,,,
,,,
,,,
,,,
,,,
,,,
,,,
,,,
,,,
,,,
,,,
,,,
,,,
,,,
,,,
,,,
,,,
,,,
,,,
,,,
,,,
,,,
,,,
,,,
,,,
,,,
,,,
,,,
,,,
,,,
,,,
,,,
,,,
,,,
,,,
,,,
,,,
,,,
,,,
,,,
,,,
,,,
,,,
,,,
,,,
,,,
,,,
,,,
,,,
,,,
,,,
,,,
,,,
,,,
,,,
,,,
,,,
,,,
,,,
,,,
,,,
,,,
,,,
,,,
,,,
,,,
,,,
,,,
,,,
,,,
,,,
,,,
,,,
,,,
,,,
,,,
,,,
,,,
,,,
,,,
,,,
,,,
,,,
,,,
,,,
,,,
,,,
,,,
,,,
,,,
,,,
,,,
,,,
,,,
,,,
,,,
,,,
,,,
,,,
,,,
,,,
,,,
,,,
,,,
,,,
,,,
,,,
,,,
,,,
,,,
,,,
,,,
,,,
,,,
,,,
,,,
,,,
,,,
,,,
,,,
,,,
,,,
,,,
,,,
,,,
,,,
,,,
,,,
,,,
,,,
,,,
,,,
,,,
,,,
,,,
,,,
,,,
,,,
,,,
,,,
,,,
,,,
,,,
,,,
,,,
,,,
,,,
,,,
,,,
,,,
,,,
,,,
,,,
,,,
,,,
,,,
,,,
,,,
,,,
,,,
,,,
,,,
,,,
,,,
,,,
,,,
,,,
,,,
,,,
,,,
,,,
,,,
,,,
,,,
,,,
,,,
,,,
,,,
,,,
,,,
,,,
,,,
,,,
,,,
,,,
,,,
,,,
,,,
,,,
,,,
,,,
,,,
,,,
,,,
,,,
,,,
,,,
,,,
,,,
,,,
,,,
,,,
,,,
,,,
,,,
,,,
,,,
,,,
,,,
,,,
,,,
,,,
,,,
,,,
,,,
,,,
,,,
,,,
,,,
,,,
,,,
,,,
,,,
,,,
,,,
,,,
,,,
,,,
,,,
,,,
,,,
,,,
,,,
,,,
,,,
,,,
,,,
,,,
,,,
,,,
,,,
,,,
,,,
,,,
,,,
,,,
,,,
,,,
,,,
,,,
,,,
,,,
,,,
,,,
,,,
,,,
,,,
,,,
,,,
,,,
,,,
,,,
,,,
,,,
,,,
,,,
,,,
,,,
,,,
,,,
,,,
,,,
,,,
,,,
,,,
,,,
,,,
,,,
,,,
,,,
,,,
,,,
,,,
,,,
,,,
,,,
,,,
,,,
,,,
,,,
,,,
,,,
,,,
,,,
,,,
,,,
,,,
,,,
,,,
,,,
,,,
,,,
,,,
,,,
,,,
,,,
,,,
,,,
,,,
,,,
,,,
,,,
,,,
,,,
,,,
,,,
,,,
,,,
,,,
,,,
,,,
,,,
,,,
,,,
,,,
,,,
,,,
,,,
,,,
,,,
,,,
,,,
,,,
,,,
,,,
,,,
,,,
,,,
,,,
,,,
,,,
,,,
,,,
,,,
,,,
,,,
,,,
,,,
,,,
,,,
,,,
,,,
,,,
,,,
,,,
,,,
,,,
,,,
,,,
,,,
,,,
,,,
,,,
,,,
,,,
,,,
,,,
,,,
,,,
,,,
,,,
,,,
,,,
,,,
,,,
,,,
,,,
,,,
,,,
,,,
,,,
,,,
,,,
,,,
,,,
,,,
,,,
,,,
,,,
,,,
,,,
,,,
,,,
,,,
,,,
,,,
,,,
,,,
,,,
,,,
,,,
,,,
,,,
,,,
,,,
,,,
,,,
,,,
,,,
,,,
,,,
,,,
,,,
,,,
,,,
,,,
,,,
,,,
,,,
,,,
,,,
,,,
,,,
,,,
,,,
,,,
,,,
,,,
,,,
,,,
,,,
,,,
,,,
,,,
,,,
,,,
,,,
,,,
,,,
,,,
,,,
,,,
,,,
,,,
,,,
,,,
,,,
,,,
,,,
,,,
,,,
,,,
,,,
,,,
,,,
,,,
,,,
,,,
,,,
,,,
,,,
,,,
,,,
,,,
,,,
,,,
,,,
,,,
,,,
,,,
,,,
,,,
,,,
,,,
,,,
,,,
,,,
,,,
,,,
,,,
,,,
,,,
,,,
,,,
,,,
,,,
,,,
,,,
,,,
,,,
,,,
,,,
,,,
,,,
,,,
,,,
,,,
,,,
,,,
,,,
,,,
,,,
,,,
,,,
,,,
,,,
,,,
,,,
,,,
,,,
,,,
,,,
,,,
,,,
,,,
,,,
,,,
,,,
,,,
,,,
,,,
,,,
,,,
,,,
,,,
,,,
,,,
,,,
,,,
,,,
,,,
,,,
,,,
,,,
,,,
,,,
,,,
,,,
,,,
,,,
,,,
,,,
,,,
,,,
,,,
,,,
,,,
,,,
,,,
,,,
,,,
,,,
,,,
,,,
,,,
,,,
,,,
,,,
,,,
,,,
,,,
,,,
,,,
,,,
,,,
,,,
,,,
,,,
,,,
,,,
,,,
,,,
,,,
,,,
,,,
,,,
,,,
,,,
,,,
,,,
,,,
,,,
,,,
,,,
,,,
,,,
,,,
,,,
,,,
,,,
,,,
,,,
,,,
,,,
,,,
,,,
,,,
,,,
,,,
,,,
,,,
,,,
,,,
,,,
,,,
,,,
,,,
,,,
,,,
,,,
,,,
,,,
,,,
,,,
,,,
,,,
,,,
,,,
,,,
,,,
,,,
,,,
,,,
,,,
,,,
,,,
,,,
,,,
,,,
,,,
,,,
,,,
,,,
,,,
,,,
,,,
,,,
,,,
,,,
,,,
,,,
,,,
,,,
,,,
,,,
,,,
,,,
,,,
,,,
,,,
,,,
,,,
,,,
,,,
,,,
,,,
,,,
,,,
,,,
,,,
,,,
,,,
,,,
,,,
,,,
,,,
,,,
,,,
,,,
,,,
,,,
,,,
,,,
,,,
,,,
,,,
,,,
,,,
,,,
,,,
,,,
,,,
,,,
,,,
,,,
,,,
,,,
,,,
,,,
,,,
,,,
,,,
,,,
,,,
,,,
,,,
,,,
,,,
,,,
,,,
,,,
,,,
,,,
,,,
,,,
,,,
,,,
,,,
,,,
,,,
,,,
,,,
,,,
,,,
,,,
,,,
,,,
,,,
,,,
,,,
,,,
,,,
,,,
,,,
,,,
,,,
,,,
,,,
,,,
,,,
,,,
,,,
,,,
,,,
,,,
,,,
,,,
,,,
,,,
,,,
,,,
,,,
,,,
,,,
,,,
,,,
,,,
,,,
,,,
,,,
,,,
,,,
,,,
,,,
,,,
,,,
,,,
,,,
,,,
,,,
,,,
,,,
,,,
,,,
,,,
,,,
,,,
,,,
,,,
,,,
,,,
,,,
,,,
,,,
,,,
,,,
,,,
,,,
,,,
,,,
,,,
,,,
,,,
,,,
,,,
,,,
,,,
,,,
,,,
,,,
,,,
,,,
,,,
,,,
,,,
,,,
,,,
,,,
,,,
,,,
,,,
,,,
,,,
,,,
,,,
,,,
,,,
,,,
,,,
,,,
,,,
,,,
,,,
,,,
,,,
,,,
,,,
,,,
,,,
,,,
,,,
,,,
,,,
,,,
,,,
,,,
,,,
,,,
,,,
,,,
,,,
,,,
,,,
,,,
,,,
,,,
,,,
,,,
,,,
,,,
,,,
,,,
,,,
,,,
,,,
,,,
,,,
,,,
,,,
,,,
,,,
,,,
,,,
,,,
,,,
,,,
,,,
,,,
,,,
,,,
,,,
,,,
,,,
,,,
,,,
,,,
,,,
,,,
,,,
,,,
,,,
,,,
,,,
,,,
,,,
,,,
,,,
,,,
,,,
,,,
,,,
,,,
,,,
,,,
,,,
,,,
,,,
,,,
,,,
,,,
,,,
,,,
,,,
,,,
,,,
,,,
,,,
,,,
,,,
,,,
,,,
,,,
,,,
,,,
,,,
,,,
,,,
,,,
,,,
,,,
,,,
,,,
,,,
,,,
,,,
,,,
,,,
,,,
,,,
,,,
,,,
,,,
,,,
,,,
,,,
,,,
,,,
,,,
,,,
,,,
,,,
,,,
,,,
,,,
,,,
,,,
,,,
,,,
,,,
,,,
,,,
,,,
,,,
,,,
,,,
,,,
,,,
,,,
,,,
,,,
,,,
,,,
,,,
,,,
,,,
,,,
,,,
,,,
,,,
,,,
,,,
,,,
,,,
,,,
,,,
,,,
,,,
,,,
,,,
,,,
,,,
,,,
,,,
,,,
,,,
,,,
,,,
,,,
,,,
,,,
,,,
,,,
,,,
,,,
,,,
,,,
,,,
,,,
,,,
,,,
,,,
,,,
,,,
,,,
,,,
,,,
,,,
,,,
,,,
,,,
,,,
,,,
,,,
,,,
,,,
,,,
,,,
,,,
,,,
,,,
,,,
,,,
,,,
,,,
,,,
,,,
,,,
,,,
,,,
,,,
,,,
,,,
,,,
,,,
,,,
,,,
,,,
,,,
,,,
,,,
,,,
,,,
,,,
,,,
,,,
,,,
,,,
,,,
,,,
,,,
,,,
,,,
,,,
,,,
,,,
,,,
,,,
,,,
,,,
,,,
,,,
,,,
,,,
,,,
,,,
,,,
,,,
,,,
,,,
,,,
,,,
,,,
,,,
,,,
,,,
,,,
,,,
,,,
,,,
,,,
,,,
,,,
,,,
,,,
,,,
,,,
,,,
,,,
,,,
,,,
,,,
,,,
,,,
,,,
,,,
,,,
,,,
,,,
,,,
,,,
,,,
,,,
,,,
,,,
,,,
,,,
,,,
,,,
,,,
,,,
,,,
,,,
,,,
,,,
,,,
,,,
,,,
,,,
,,,
,,,
,,,
,,,
,,,
,,,
,,,
,,,
,,,
,,,
,,,
,,,
,,,
,,,
,,,
,,,
,,,
,,,
,,,
,,,
,,,
,,,
,,,
,,,
,,,
,,,
,,,
,,,
,,,
,,,
,,,
,,,
,,,
,,,
,,,
,,,
,,,
,,,
,,,
,,,
,,,
,,,
,,,
,,,
,,,
,,,
,,,
,,,
,,,
,,,
,,,
,,,
,,,
,,,
,,,
,,,
,,,
,,,
,,,
,,,
,,,
,,,
,,,
,,,
,,,
,,,
,,,
,,,
,,,
,,,
,,,
,,,
,,,
,,,
,,,
,,,
,,,
,,,
,,,
,,,
,,,
,,,
,,,
,,,
,,,
,,,
,,,
,,,
,,,
,,,
,,,
,,,
,,,
,,,
,,,
,,,
,,,
,,,
,,,
,,,
,,,
,,,
,,,
,,,
,,,
,,,
,,,
,,,
,,,
,,,
,,,
,,,
,,,
,,,
,,,
,,,
,,,
,,,
,,,
,,,
,,,
,,,
,,,
,,,
,,,
,,,
,,,
,,,
,,,
,,,
,,,
,,,
,,,
,,,
,,,
,,,
,,,
,,,
,,,
,,,
,,,
,,,
,,,
,,,
,,,
,,,
,,,
,,,
,,,
,,,
,,,
,,,
,,,
,,,
,,,
,,,
,,,
,,,
,,,
,,,
,,,
,,,
,,,
,,,
,,,
,,,
,,,
,,,
,,,
,,,
,,,
,,,
,,,
,,,
,,,
,,,
,,,
,,,
,,,
,,,
,,,
,,,
,,,
,,,
,,,
,,,
,,,
,,,
,,,
,,,
,,,
,,,
,,,
,,,
,,,
,,,
,,,
,,,
,,,
,,,
,,,
,,,
,,,
,,,
,,,
,,,
,,,
,,,
,,,
,,,
,,,
,,,
,,,
,,,
,,,
,,,
,,,
,,,
,,,
,,,
,,,
,,,
,,,
,,,
,,,
,,,
,,,
,,,
,,,
,,,
,,,
,,,
,,,
,,,
,,,
,,,
,,,
,,,
,,,
,,,
,,,
,,,
,,,
,,,
,,,
,,,
,,,
,,,
,,,
,,,
,,,
,,,
,,,
,,,
,,,
,,,
,,,
,,,
,,,
,,,
,,,
,,,
,,,
,,,
,,,
,,,
,,,
,,,
,,,
,,,
,,,
,,,
,,,
,,,
,,,
,,,
,,,
,,,
,,,
,,,
,,,
,,,
,,,
,,,
,,,
,,,
,,,
,,,
,,,
,,,
,,,
,,,
,,,
,,,
,,,
,,,
,,,
,,,
,,,
,,,
,,,
,,,
,,,
,,,
,,,
,,,
,,,
,,,
,,,
,,,
,,,
,,,
,,,
,,,
,,,
,,,
,,,
,,,
,,,
,,,
,,,
,,,
,,,
,,,
,,,
,,,
,,,
,,,
,,,
,,,
,,,
,,,
,,,
,,,
,,,
,,,
,,,
,,,
,,,
,,,
,,,
,,,
,,,
,,,
,,,
,,,
,,,
,,,
,,,
,,,
,,,
,,,
,,,
,,,
,,,
,,,
,,,
,,,
,,,
,,,
,,,
,,,
,,,
,,,
,,,
,,,
,,,
,,,
,,,
,,,
,,,
,,,
,,,
,,,
,,,
,,,
,,,
,,,
,,,
,,,
,,,
,,,
,,,
,,,
,,,
,,,
,,,
,,,
,,,
,,,
,,,
,,,
,,,
,,,
,,,
,,,
,,,
,,,
,,,
,,,
,,,
,,,
,,,
,,,
,,,
,,,
,,,
,,,
,,,
,,,
,,,
,,,
,,,
,,,
,,,
,,,
,,,
,,,
,,,
,,,
,,,
,,,
,,,
,,,
,,,
,,,
,,,
,,,
,,,
,,,
,,,
,,,
,,,
,,,
,,,
,,,
,,,
,,,
,,,
,,,
,,,
,,,
,,,
,,,
,,,
,,,
,,,
,,,
,,,
,,,
,,,
,,,
,,,
,,,
,,,
,,,
,,,
,,,
,,,
,,,
,,,
,,,
,,,
,,,
,,,
,,,
,,,
,,,
,,,
,,,
,,,
,,,
,,,
,,,
,,,
,,,
,,,
,,,
,,,
,,,
,,,
,,,
,,,
,,,
,,,
,,,
,,,
,,,
,,,
,,,
,,,
,,,
,,,
,,,
,,,
,,,
,,,
,,,
,,,
,,,
,,,
,,,
,,,
,,,
,,,
,,,
,,,
,,,
,,,
,,,
,,,
,,,
,,,
,,,
,,,
,,,
,,,
,,,
,,,
,,,
,,,
,,,
,,,
,,,
,,,
,,,
,,,
,,,
,,,
,,,
,,,
,,,
,,,
,,,
,,,
,,,
,,,
,,,
,,,
,,,
,,,
,,,
,,,
,,,
,,,
,,,
,,,
,,,
,,,
,,,
,,,
,,,
,,,
,,,
,,,
,,,
,,,
,,,
,,,
,,,
,,,
,,,
,,,
,,,
,,,
,,,
,,,
,,,
,,,
,,,
,,,
,,,
,,,
,,,
,,,
,,,
,,,
,,,
,,,
,,,
,,,
,,,
,,,
,,,
,,,
,,,
,,,
,,,
,,,
,,,
,,,
,,,
,,,
,,,
,,,
,,,
,,,
,,,
,,,
,,,
,,,
,,,
,,,
,,,
,,,
,,,
,,,
,,,
,,,
,,,
,,,
,,,
,,,
,,,
,,,
,,,
,,,
,,,
,,,
,,,
,,,
,,,
,,,
,,,
,,,
,,,
,,,
,,,
,,,
,,,
,,,
,,,
,,,
,,,
,,,
,,,
,,,
,,,
,,,
,,,
,,,
,,,
,,,
,,,
,,,
,,,
,,,
,,,
,,,
,,,
,,,
,,,
,,,
,,,
,,,
,,,
,,,
,,,
,,,
,,,
,,,
,,,
,,,
,,,
,,,
,,,
,,,
,,,
,,,
,,,
,,,
,,,
,,,
,,,
,,,
,,,
,,,
,,,
,,,
,,,
,,,
,,,
,,,
,,,
,,,
,,,
,,,
,,,
,,,
,,,
,,,
,,,
,,,
,,,
,,,
,,,
,,,
,,,
,,,
,,,
,,,
,,,
,,,
,,,
,,,
,,,
,,,
,,,
,,,
,,,
,,,
,,,
,,,
,,,
,,,
,,,
,,,
,,,
,,,
,,,
,,,
,,,
,,,
,,,
,,,
,,,
,,,
,,,
,,,
,,,
,,,
,,,
,,,
,,,
,,,
,,,
,,,
,,,
,,,
,,,
,,,
,,,
,,,
,,,
,,,
,,,
,,,
,,,
,,,
,,,
,,,
,,,
,,,
,,,
,,,
,,,
,,,
,,,
,,,
,,,
,,,
,,,
,,,
,,,
,,,
,,,
,,,
,,,
,,,
,,,
,,,
,,,
,,,
,,,
,,,
,,,
,,,
,,,
,,,
,,,
,,,
,,,
,,,
,,,
,,,
,,,
,,,
,,,
,,,
,,,
,,,
,,,
,,,
,,,
,,,
,,,
,,,
,,,
,,,
,,,
,,,
,,,
,,,
,,,
,,,
,,,
,,,
,,,
,,,
,,,
,,,
,,,
,,,
,,,
,,,
,,,
,,,
,,,
,,,
,,,
,,,
,,,
,,,
,,,
,,,
,,,
,,,
,,,
,,,
,,,
,,,
,,,
,,,
,,,
,,,
,,,
,,,
,,,
,,,
,,,
,,,
,,,
,,,
,,,
,,,
,,,
,,,
,,,
,,,
,,,
,,,
,,,
,,,
,,,
,,,
,,,
,,,
,,,
,,,
,,,
,,,
,,,
,,,
,,,
,,,
,,,
,,,
,,,
,,,
,,,
,,,
,,,
,,,
,,,
,,,
,,,
,,,
,,,
,,,
,,,
,,,
,,,
,,,
,,,
,,,
,,,
,,,
,,,
,,,
,,,
,,,
,,,
,,,
,,,
,,,
,,,
,,,
,,,
,,,
,,,
,,,
,,,
,,,
,,,
,,,
,,,
,,,
,,,
,,,
,,,
,,,
,,,
,,,
,,,
,,,
,,,
,,,
,,,
,,,
,,,
,,,
,,,
,,,
,,,
,,,
,,,
,,,
,,,
,,,
,,,
,,,
,,,
,,,
,,,
,,,
,,,
,,,
,,,
,,,
,,,
,,,
,,,
,,,
,,,
,,,
,,,
,,,
,,,
,,,
,,,
,,,
,,,
,,,
,,,
,,,
,,,
,,,
,,,
,,,
,,,
,,,
,,,
,,,
,,,
,,,
,,,
,,,
,,,
,,,
,,,
,,,
,,,
,,,
,,,
,,,
,,,
,,,
,,,
,,,
,,,
,,,
,,,
,,,
,,,
,,,
,,,
,,,
,,,
,,,
,,,
,,,
,,,
,,,
,,,
,,,
,,,
,,,
,,,
,,,
,,,
,,,
,,,
,,,
,,,
,,,
,,,
,,,
,,,
,,,
,,,
,,,
,,,
,,,
,,,
,,,
,,,
,,,
,,,
,,,
,,,
,,,
,,,
,,,
,,,
,,,
,,,
,,,
,,,
,,,
,,,
,,,
,,,
,,,
,,,
,,,
,,,
,,,
,,,
,,,
,,,
,,,
,,,
,,,
,,,
,,,
,,,
,,,
,,,
,,,
,,,
,,,
,,,
,,,
,,,
,,,
,,,
,,,
,,,
,,,
,,,
,,,
,,,
,,,
,,,
,,,
,,,
,,,
,,,
,,,
,,,
,,,
,,,
,,,
,,,
,,,
,,,
,,,
,,,
,,,
,,,
,,,
,,,
,,,
,,,
,,,
,,,
,,,
,,,
,,,
,,,
,,,
,,,
,,,
,,,
,,,
,,,
,,,
,,,
,,,
,,,
,,,
,,,
,,,
,,,
,,,
,,,
,,,
,,,
,,,
,,,
,,,
,,,
,,,
,,,
,,,
,,,
,,,
,,,
,,,
,,,
,,,
,,,
,,,
,,,
,,,
,,,
,,,
,,,
,,,
,,,
,,,
,,,
,,,
,,,
,,,
,,,
,,,
,,,
,,,
,,,
,,,
,,,
,,,
,,,
,,,
,,,
,,,
,,,
,,,
,,,
,,,
,,,
,,,
,,,
,,,
,,,
,,,
,,,
,,,
,,,
,,,
,,,
,,,
,,,
,,,
,,,
,,,
,,,
,,,
,,,
,,,
,,,
,,,
,,,
,,,
,,,
,,,
,,,
,,,
,,,
,,,
,,,
,,,
,,,
,,,
,,,
,,,
,,,
,,,
,,,
,,,
,,,
,,,
,,,
,,,
,,,
,,,
,,,
,,,
,,,
,,,
,,,
,,,
,,,
,,,
,,,
,,,
,,,
,,,
,,,
,,,
,,,
,,,
,,,
,,,
,,,
,,,
,,,
,,,
,,,
,,,
,,,
,,,
,,,
,,,
,,,
,,,
,,,
,,,
,,,
,,,
,,,
,,,
,,,
,,,
,,,
,,,
,,,
,,,
,,,
,,,
,,,
,,,
,,,
,,,
,,,
,,,
,,,
,,,
,,,
,,,
,,,
,,,
,,,
,,,
,,,
,,,
,,,
,,,
,,,
,,,
,,,
,,,
,,,
,,,
,,,
,,,
,,,
,,,
,,,
,,,
,,,
,,,
,,,
,,,
,,,
,,,
,,,
,,,
,,,
,,,
,,,
,,,
,,,
,,,
,,,
,,,
,,,
,,,
,,,
,,,
,,,
,,,
,,,
,,,
,,,
,,,
,,,
,,,
,,,
,,,
,,,
,,,
,,,
,,,
,,,
,,,
,,,
,,,
,,,
,,,
,,,
,,,
,,,
,,,
,,,
,,,
,,,
,,,
,,,
,,,
,,,
,,,
,,,
,,,
,,,
,,,
,,,
,,,
,,,
,,,
,,,
,,,
,,,
,,,
,,,
,,,
,,,
,,,
,,,
,,,
,,,
,,,
,,,
,,,
,,,
,,,
,,,
,,,
,,,
,,,
,,,
,,,
,,,
,,,
,,,
,,,
,,,
,,,
,,,
,,,
,,,
,,,
,,,
,,,
,,,
,,,
,,,
,,,
,,,
,,,
,,,
,,,
,,,
,,,
,,,
,,,
,,,
,,,
,,,
,,,
,,,
,,,
,,,
,,,
,,,
,,,
,,,
,,,
,,,
,,,
,,,
,,,
,,,
,,,
,,,
,,,
,,,
,,,
,,,
,,,
,,,
,,,
,,,
,,,
,,,
,,,
,,,
,,,
,,,
,,,
,,,
,,,
,,,
,,,
,,,
,,,
,,,
,,,
,,,
,,,
,,,
,,,
,,,
,,,
,,,
,,,
,,,
,,,
,,,
,,,
,,,
,,,
,,,
,,,
,,,
,,,
,,,
,,,
,,,
,,,
,,,
,,,
,,,
,,,
,,,
,,,
,,,
,,,
,,,
,,,
,,,
,,,
,,,
,,,
,,,
,,,
,,,
,,,
,,,
,,,
,,,
,,,
,,,
,,,
,,,
,,,
,,,
,,,
,,,
,,,
,,,
,,,
,,,
,,,
,,,
,,,
,,,
,,,
,,,
,,,
,,,
,,,
,,,
,,,
,,,
,,,
,,,
,,,
,,,
,,,
,,,
,,,
,,,
,,,
,,,
,,,
,,,
,,,
,,,
,,,
,,,
,,,
,,,
,,,
,,,
,,,
,,,
,,,
,,,
,,,
,,,
,,,
,,,
,,,
,,,
,,,
,,,
,,,
,,,
,,,
,,,
,,,
,,,
,,,
,,,
,,,
,,,
,,,
,,,
,,,
,,,
,,,
,,,
,,,
,,,
,,,
,,,
,,,
,,,
,,,
,,,
,,,
,,,
,,,
,,,
,,,
,,,
,,,
,,,
,,,
,,,
,,,
,,,
,,,
,,,
,,,
,,,
,,,
,,,
,,,
,,,
,,,
,,,
,,,
,,,
,,,
,,,
,,,
,,,
,,,
,,,
,,,
,,,
,,,
,,,
,,,
,,,
,,,
,,,
,,,
,,,
,,,
,,,
,,,
,,,
,,,
,,,
,,,
,,,
,,,
,,,
,,,
,,,
,,,
,,,
,,,
,,,
,,,
,,,
,,,
,,,
,,,
,,,
,,,
,,,
,,,
,,,
,,,
,,,
,,,
,,,
,,,
,,,
,,,
,,,
,,,
,,,
,,,
,,,
,,,
,,,
,,,
,,,
,,,
,,,
,,,
,,,
,,,
,,,
,,,
,,,
,,,
,,,
,,,
,,,
,,,
,,,
,,,
,,,
,,,
,,,
,,,
,,,
,,,
,,,
,,,
,,,
,,,
,,,
,,,
,,,
,,,
,,,
,,,
,,,
,,,
,,,
,,,
,,,
,,,
,,,
,,,
,,,
,,,
,,,
,,,
,,,
,,,
,,,
,,,
,,,
,,,
,,,
,,,
,,,
,,,
,,,
,,,
,,,
,,,
,,,
,,,
,,,
,,,
,,,
,,,
,,,
,,,
,,,
,,,
,,,
,,,
,,,
,,,
,,,
,,,
,,,
,,,
,,,
,,,
,,,
,,,
,,,
,,,
,,,
,,,
,,,
,,,
,,,
,,,
,,,
,,,
,,,
,,,
,,,
,,,
,,,
,,,
,,,
,,,
,,,
,,,
,,,
,,,
,,,
,,,
,,,
,,,
,,,
,,,
,,,
,,,
,,,
,,,
,,,
,,,
,,,
,,,
,,,
,,,
,,,
,,,
,,,
,,,
,,,
,,,
,,,
,,,
,,,
,,,
,,,
,,,
,,,
,,,
,,,
,,,
,,,
,,,
,,,
,,,
,,,
,,,
,,,
,,,
,,,
,,,
,,,
,,,
,,,
,,,
,,,
,,,
,,,
,,,
,,,
,,,
,,,
,,,
,,,
,,,
,,,
,,,
,,,
,,,
,,,
,,,
,,,
,,,
,,,
,,,
,,,
,,,
,,,
,,,
,,,
,,,
,,,
,,,
,,,
,,,
,,,
,,,
,,,
,,,
,,,
,,,
,,,
,,,
,,,
,,,
,,,
,,,
,,,
,,,
,,,
,,,
,,,
,,,
,,,
,,,
,,,
,,,
,,,
,,,
,,,
,,,
,,,
,,,
,,,
,,,
,,,
,,,
,,,
,,,
,,,
,,,
,,,
,,,
,,,
,,,
,,,
,,,
,,,
,,,
,,,
,,,
,,,
,,,
,,,
,,,
,,,
,,,
,,,
,,,
,,,
,,,
,,,
,,,
,,,
,,,
,,,
,,,
,,,
,,,
,,,
,,,
,,,
,,,
,,,
,,,
,,,
,,,
,,,
,,,
,,,
,,,
,,,
,,,
,,,
,,,
,,,
,,,
,,,
,,,
,,,
,,,
,,,
,,,
,,,
,,,
,,,
,,,
,,,
,,,
,,,
,,,
,,,
,,,
,,,
,,,
,,,
,,,
,,,
,,,
,,,
,,,
,,,
,,,
,,,
,,,
,,,
,,,
,,,
,,,
,,,
,,,
,,,
,,,
,,,
,,,
,,,
,,,
,,,
,,,
,,,
,,,
,,,
,,,
,,,
,,,
,,,
,,,
,,,
,,,
,,,
,,,
,,,
,,,
,,,
,,,
,,,
,,,
,,,
,,,
,,,
,,,
,,,
,,,
,,,
,,,
,,,
,,,
,,,
,,,
,,,
,,,
,,,
,,,
,,,
,,,
,,,
,,,
,,,
,,,
,,,
,,,
,,,
,,,
,,,
,,,
,,,
,,,
,,,
,,,
,,,
,,,
,,,
,,,
,,,
,,,
,,,
,,,
,,,
,,,
,,,
,,,
,,,
,,,
,,,
,,,
,,,
,,,
,,,
,,,
,,,
,,,
,,,
,,,
,,,
,,,
,,,
,,,
,,,
,,,
,,,
,,,
,,,
,,,
,,,
,,,
,,,
,,,
,,,
,,,
,,,
,,,
,,,
,,,
,,,
,,,
,,,
,,,
,,,
,,,
,,,
,,,
,,,
,,,
,,,
,,,
,,,
,,,
,,,
,,,
,,,
,,,
,,,
,,,
,,,
,,,
,,,
,,,
,,,
,,,
,,,
,,,
,,,
,,,
,,,
,,,
,,,
,,,
,,,
,,,
,,,
,,,
,,,
,,,
,,,
,,,
,,,
,,,
,,,
,,,
,,,
,,,
,,,
,,,
,,,
,,,
,,,
,,,
,,,
,,,
,,,
,,,
,,,
,,,
,,,
,,,
,,,
,,,
,,,
,,,
,,,
,,,
,,,
,,,
,,,
,,,
,,,
,,,
,,,
,,,
,,,
,,,
,,,
,,,
,,,
,,,
,,,
,,,
,,,
,,,
,,,
,,,
,,,
,,,
,,,
,,,
,,,
,,,
,,,
,,,
,,,
,,,
,,,
,,,
,,,
,,,
,,,
,,,
,,,
,,,
,,,
,,,
,,,
,,,
,,,
,,,
,,,
,,,
,,,
,,,
,,,
,,,
,,,
,,,
,,,
,,,
,,,
,,,
,,,
,,,
,,,
,,,
,,,
,,,
,,,
,,,
,,,
,,,
,,,
,,,
,,,
,,,
,,,
,,,
,,,
,,,
,,,
,,,
,,,
,,,
,,,
,,,
,,,
,,,
,,,
,,,
,,,
,,,
,,,
,,,
,,,
,,,
,,,
,,,
,,,
,,,
,,,
,,,
,,,
,,,
,,,
,,,
,,,
,,,
,,,
,,,
,,,
,,,
,,,
,,,
,,,
,,,
,,,
,,,
,,,
,,,
,,,
,,,
,,,
,,,
,,,
,,,
,,,
,,,
,,,
,,,
,,,
,,,
,,,
,,,
,,,
,,,
,,,
,,,
,,,
,,,
,,,
,,,
,,,
,,,
,,,
,,,
,,,
,,,
,,,
,,,
,,,
,,,
,,,
,,,
,,,
,,,
,,,
,,,
,,,
,,,
,,,
,,,
,,,
,,,
,,,
,,,
,,,
,,,
,,,
,,,
,,,
,,,
,,,
,,,
,,,
,,,
,,,
,,,
,,,
,,,
,,,
,,,
,,,
,,,
,,,
,,,
,,,
,,,
,,,
,,,
,,,
,,,
,,,
,,,
,,,
,,,
,,,
,,,
,,,
,,,
,,,
,,,
,,,
,,,
,,,
,,,
,,,
,,,
,,,
,,,
,,,
,,,
,,,
,,,
,,,
,,,
,,,
,,,
,,,
,,,
,,,
,,,
,,,
,,,
,,,
,,,
,,,
,,,
,,,
,,,
,,,
,,,
,,,
,,,
,,,
,,,
,,,
,,,
,,,
,,,
,,,
,,,
,,,
,,,
,,,
,,,
,,,
,,,
,,,
,,,
,,,
,,,
,,,
,,,
,,,
,,,
,,,
,,,
,,,
,,,
,,,
,,,
,,,
,,,
,,,
,,,
,,,
,,,
,,,
,,,
,,,
,,,
,,,
,,,
,,,
,,,
,,,
,,,
,,,
,,,
,,,
,,,
,,,
,,,
,,,
,,,
,,,
,,,
,,,
,,,
,,,
,,,
,,,
,,,
,,,
,,,
,,,
,,,
,,,
,,,
,,,
,,,
,,,
,,,
,,,
,,,
,,,
,,,
,,,
,,,
,,,
,,,
